user_id,scenario,language,question_id,type,answer,img_id_A,img_id_B,img_type,info
9085681,Anlagenring,german,start,AB,A,t1,t2,start,
9085681,Anlagenring,german,walk-init,CHOICE,Continue,,,,
9085681,Anlagenring,german,walk-preference,AB,A,w65,w52,walk,
9085681,Anlagenring,german,walk-preference,AB,=,w44,w69,walk,
9085681,Anlagenring,german,walk-preference,AB,A,w50,w52,walk,
9085681,Anlagenring,german,walk-preference,AB,A,w69,g1,walk,
9085681,Anlagenring,german,walk-preference,AB,B,w82,w44,walk,
9085681,Anlagenring,german,stay-init,CHOICE,Continue,,,,
9085681,Anlagenring,german,stay-preference,AB,=,s15,s30,stay,
9085681,Anlagenring,german,stay-preference,AB,A,s10,s25,stay,
9085681,Anlagenring,german,stay-preference,AB,B,s14,s30,stay,
9085681,Anlagenring,german,stay-preference,AB,B,s15,s26,stay,
9085681,Anlagenring,german,stay-preference,AB,A,s54,s25,stay,
9085681,Anlagenring,german,bike-init,CHOICE,Continue,,,,
9085681,Anlagenring,german,bike-preference,AB,A,b29,g15,bike,
9085681,Anlagenring,german,bike-preference,AB,A,b32,b7,bike,
9085681,Anlagenring,german,bike-preference,AB,B,g15,b6,bike,
9085681,Anlagenring,german,bike-preference,AB,A,g18,b32,bike,
9085681,Anlagenring,german,bike-preference,AB,A,b78,b7,bike,
9085681,Anlagenring,german,walk-init,CHOICE,Continue,,,,
9085681,Anlagenring,german,walk-preference,AB,B,w33,w65,walk,
9085681,Anlagenring,german,walk-preference,AB,A,w6,w82,walk,
9085681,Anlagenring,german,walk-preference,AB,A,w50,w83,walk,
9085681,Anlagenring,german,walk-preference,AB,A,w6,g3,walk,
9085681,Anlagenring,german,walk-preference,AB,A,w50,w27,walk,
9085681,Anlagenring,german,stay-init,CHOICE,Continue,,,,
9085681,Anlagenring,german,stay-preference,AB,A,s30,s50,stay,
9085681,Anlagenring,german,stay-preference,AB,A,s3,s15,stay,
9085681,Anlagenring,german,stay-preference,AB,B,s12,s30,stay,
9085681,Anlagenring,german,stay-preference,AB,B,s56,s10,stay,
7256294,Anlagenring,german,start,AB,B,t2,t1,start,
7256294,Anlagenring,german,walk-init,CHOICE,Continue,,,,
7256294,Anlagenring,german,walk-preference,AB,B,w52,w13,walk,
7256294,Anlagenring,german,walk-preference,AB,B,g1,w19,walk,
7256294,Anlagenring,german,walk-preference,AB,B,w24,w65,walk,
7256294,Anlagenring,german,walk-preference,AB,B,w83,w59,walk,
7256294,Anlagenring,german,walk-preference,AB,B,w82,w55,walk,
7256294,Anlagenring,german,stay-init,CHOICE,Continue,,,,
7256294,Anlagenring,german,stay-preference,AB,B,s19,s54,stay,
7256294,Anlagenring,german,stay-preference,AB,B,s14,s34,stay,
7256294,Anlagenring,german,stay-preference,AB,B,s38,s3,stay,
7256294,Anlagenring,german,stay-preference,AB,B,s15,s33,stay,
7256294,Anlagenring,german,stay-preference,AB,B,s56,s45,stay,
7256294,Anlagenring,german,bike-init,CHOICE,Continue,,,,
7256294,Anlagenring,german,bike-preference,AB,B,g15,b68,bike,
7256294,Anlagenring,german,bike-preference,AB,A,b61,b29,bike,
7256294,Anlagenring,german,bike-preference,AB,B,g8,b32,bike,
7256294,Anlagenring,german,bike-preference,AB,B,g18,b40,bike,
7256294,Anlagenring,german,bike-preference,AB,B,b78,b46,bike,
7256294,Anlagenring,german,walk-init,CHOICE,Continue,,,,
7256294,Anlagenring,german,walk-preference,AB,A,g3,w25,walk,
7256294,Anlagenring,german,walk-preference,AB,A,w44,w35,walk,
7256294,Anlagenring,german,walk-preference,AB,B,w33,w16,walk,
7256294,Anlagenring,german,walk-preference,AB,A,w6,w69,walk,
7256294,Anlagenring,german,walk-preference,AB,B,w27,w50,walk,
7256294,Anlagenring,german,stay-init,CHOICE,Continue,,,,
7256294,Anlagenring,german,stay-preference,AB,B,s17,s26,stay,
7256294,Anlagenring,german,stay-preference,AB,B,s9,s25,stay,
7256294,Anlagenring,german,stay-preference,AB,A,s48,s10,stay,
7256294,Anlagenring,german,stay-preference,AB,A,s46,s12,stay,
7256294,Anlagenring,german,stay-preference,AB,A,s30,s50,stay,
7256294,Anlagenring,german,bike-init,CHOICE,Continue,,,,
7256294,Anlagenring,german,bike-preference,AB,A,b6,b13,bike,
7256294,Anlagenring,german,bike-preference,AB,A,b57,b7,bike,
7256294,Anlagenring,german,bike-preference,AB,B,g8,b4,bike,
7256294,Anlagenring,german,bike-preference,AB,A,b46,b34,bike,
7256294,Anlagenring,german,bike-preference,AB,A,b29,b38,bike,
1228401,Anlagenring,german,start,AB,B,t2,t1,start,
1228401,Anlagenring,german,walk-init,CHOICE,Continue,,,,
1228401,Anlagenring,german,walk-preference,AB,A,w24,g1,walk,
1228401,Anlagenring,german,walk-preference,AB,A,w65,w16,walk,
1228401,Anlagenring,german,walk-preference,AB,A,w35,w27,walk,
1228401,Anlagenring,german,walk-preference,AB,B,w83,w13,walk,
1228401,Anlagenring,german,walk-preference,AB,A,w6,g3,walk,
1228401,Anlagenring,german,stay-init,CHOICE,Continue,,,,
1228401,Anlagenring,german,stay-preference,AB,A,s50,s14,stay,
1228401,Anlagenring,german,stay-preference,AB,B,s48,s34,stay,
1228401,Anlagenring,german,stay-preference,AB,A,s33,s25,stay,
1228401,Anlagenring,german,stay-preference,AB,B,s12,s9,stay,
1228401,Anlagenring,german,stay-preference,AB,B,s56,s3,stay,
1228401,Anlagenring,german,bike-init,CHOICE,Continue,,,,
1228401,Anlagenring,german,bike-preference,AB,B,b23,b4,bike,
1228401,Anlagenring,german,bike-preference,AB,B,b57,b5,bike,
1228401,Anlagenring,german,bike-preference,AB,B,b55,b40,bike,
1228401,Anlagenring,german,bike-preference,AB,A,g8,b61,bike,
1228401,Anlagenring,german,bike-preference,AB,B,b7,b78,bike,
1228401,Anlagenring,german,walk-init,CHOICE,Continue,,,,
1228401,Anlagenring,german,walk-preference,AB,B,w52,w19,walk,
1228401,Anlagenring,german,walk-preference,AB,A,w59,w82,walk,
1228401,Anlagenring,german,walk-preference,AB,A,w50,w44,walk,
1228401,Anlagenring,german,walk-preference,AB,B,w69,w55,walk,
1228401,Anlagenring,german,walk-preference,AB,B,w25,g5,walk,
1228401,Anlagenring,german,stay-init,CHOICE,Continue,,,,
1228401,Anlagenring,german,stay-preference,AB,B,s10,s54,stay,
1228401,Anlagenring,german,stay-preference,AB,A,s45,s26,stay,
1228401,Anlagenring,german,stay-preference,AB,A,s30,s15,stay,
1228401,Anlagenring,german,stay-preference,AB,A,s19,s17,stay,
1228401,Anlagenring,german,stay-preference,AB,A,s43,s46,stay,
1228401,Anlagenring,german,bike-init,CHOICE,Continue,,,,
1228401,Anlagenring,german,bike-preference,AB,A,b6,g15,bike,
1228401,Anlagenring,german,bike-preference,AB,B,b29,b68,bike,
1228401,Anlagenring,german,bike-preference,AB,B,b38,g18,bike,
1228401,Anlagenring,german,bike-preference,AB,A,b32,b34,bike,
1228401,Anlagenring,german,bike-preference,AB,A,b46,b13,bike,
6191452,Anlagenring,german,start,AB,B,t2,t1,start,
6191452,Anlagenring,german,walk-init,CHOICE,Continue,,,,
6191452,Anlagenring,german,walk-preference,AB,A,w58,w52,walk,
6191452,Anlagenring,german,walk-preference,AB,A,w29,w25,walk,
6191452,Anlagenring,german,walk-preference,AB,B,w81,w6,walk,
6191452,Anlagenring,german,walk-preference,AB,B,g2,w69,walk,
6191452,Anlagenring,german,walk-preference,AB,A,w7,w35,walk,
6191452,Anlagenring,german,stay-init,CHOICE,Continue,,,,
6191452,Anlagenring,german,stay-preference,AB,A,s8,s9,stay,
6191452,Anlagenring,german,stay-preference,AB,A,s46,s16,stay,
6191452,Anlagenring,german,stay-preference,AB,A,s2,s33,stay,
6191452,Anlagenring,german,stay-preference,AB,=,s17,s11,stay,
6191452,Anlagenring,german,stay-preference,AB,B,s1,s48,stay,
6191452,Anlagenring,german,bike-init,CHOICE,Continue,,,,
6191452,Anlagenring,german,bike-preference,AB,A,b40,b4,bike,
6191452,Anlagenring,german,bike-preference,AB,B,b13,b61,bike,
6191452,Anlagenring,german,bike-preference,AB,A,b29,b55,bike,
6191452,Anlagenring,german,bike-preference,AB,B,b42,b46,bike,
1786928,Anlagenring,german,start,AB,B,t2,t1,start,
1786928,Anlagenring,german,walk-init,CHOICE,Continue,,,,
1786928,Anlagenring,german,walk-preference,AB,B,w77,w81,walk,
1786928,Anlagenring,german,walk-preference,AB,A,w17,w7,walk,
1786928,Anlagenring,german,walk-preference,AB,B,w25,w9,walk,
1786928,Anlagenring,german,walk-preference,AB,A,w31,w13,walk,
1786928,Anlagenring,german,walk-preference,AB,A,w74,w19,walk,
1786928,Anlagenring,german,stay-init,CHOICE,Continue,,,,
1786928,Anlagenring,german,stay-preference,AB,B,s38,s27,stay,
1786928,Anlagenring,german,stay-preference,AB,A,s10,s35,stay,
1786928,Anlagenring,german,stay-preference,AB,A,s19,s32,stay,
1786928,Anlagenring,german,stay-preference,AB,A,s14,s37,stay,
1786928,Anlagenring,german,stay-preference,AB,A,s36,s56,stay,
1786928,Anlagenring,german,bike-init,CHOICE,Continue,,,,
1786928,Anlagenring,german,bike-preference,AB,A,b57,b20,bike,
1786928,Anlagenring,german,bike-preference,AB,A,b55,b47,bike,
1786928,Anlagenring,german,bike-preference,AB,B,b46,b12,bike,
1786928,Anlagenring,german,bike-preference,AB,B,b33,b23,bike,
1786928,Anlagenring,german,bike-preference,AB,B,b72,g18,bike,
1786928,Anlagenring,german,walk-init,CHOICE,Continue,,,,
1786928,Anlagenring,german,walk-preference,AB,A,w1,w83,walk,
1786928,Anlagenring,german,walk-preference,AB,B,w34,w58,walk,
1786928,Anlagenring,german,walk-preference,AB,A,w2,w24,walk,
1786928,Anlagenring,german,walk-preference,AB,B,g3,w75,walk,
1786928,Anlagenring,german,walk-preference,AB,A,w32,w35,walk,
9928309,Anlagenring,german,start,AB,B,t2,t1,start,
9928309,Anlagenring,german,walk-init,CHOICE,Continue,,,,
9928309,Anlagenring,german,walk-preference,AB,B,w67,w74,walk,
9928309,Anlagenring,german,walk-preference,AB,B,w54,w44,walk,
9928309,Anlagenring,german,walk-preference,AB,A,w13,w61,walk,
9928309,Anlagenring,german,walk-preference,AB,A,w33,w15,walk,
9928309,Anlagenring,german,walk-preference,AB,B,w75,w2,walk,
9928309,Anlagenring,german,stay-init,CHOICE,Continue,,,,
9928309,Anlagenring,german,stay-preference,AB,A,s47,s26,stay,
9928309,Anlagenring,german,stay-preference,AB,A,s31,s45,stay,
9928309,Anlagenring,german,stay-preference,AB,B,s12,s51,stay,
9928309,Anlagenring,german,stay-preference,AB,A,s49,s37,stay,
9928309,Anlagenring,german,stay-preference,AB,B,s53,s32,stay,
9928309,Anlagenring,german,bike-init,CHOICE,Continue,,,,
9928309,Anlagenring,german,bike-preference,AB,A,b74,b57,bike,
9928309,Anlagenring,german,bike-preference,AB,B,b37,b72,bike,
9928309,Anlagenring,german,bike-preference,AB,B,b80,b32,bike,
9928309,Anlagenring,german,bike-preference,AB,A,b22,b40,bike,
9928309,Anlagenring,german,bike-preference,AB,A,b46,b62,bike,
6169186,Anlagenring,german,start,AB,B,t2,t1,start,
6169186,Anlagenring,german,walk-init,CHOICE,Continue,,,,
6169186,Anlagenring,german,walk-preference,AB,B,w69,w75,walk,
6169186,Anlagenring,german,walk-preference,AB,B,g3,g2,walk,
6169186,Anlagenring,german,walk-preference,AB,A,w29,w2,walk,
6169186,Anlagenring,german,walk-preference,AB,B,w17,w31,walk,
6169186,Anlagenring,german,walk-preference,AB,B,w34,w54,walk,
6169186,Anlagenring,german,stay-init,CHOICE,Continue,,,,
6169186,Anlagenring,german,stay-preference,AB,B,s37,s24,stay,
6169186,Anlagenring,german,stay-preference,AB,B,s4,s16,stay,
6169186,Anlagenring,german,stay-preference,AB,A,s15,s44,stay,
6169186,Anlagenring,german,stay-preference,AB,A,s22,s3,stay,
6169186,Anlagenring,german,stay-preference,AB,B,s17,s9,stay,
6169186,Anlagenring,german,bike-init,CHOICE,Continue,,,,
6169186,Anlagenring,german,bike-preference,AB,A,g9,b72,bike,
6169186,Anlagenring,german,bike-preference,AB,B,b18,b46,bike,
6169186,Anlagenring,german,bike-preference,AB,A,b13,b36,bike,
6169186,Anlagenring,german,bike-preference,AB,B,g15,b26,bike,
6169186,Anlagenring,german,bike-preference,AB,B,b53,g8,bike,
6169186,Anlagenring,german,walk-init,CHOICE,Continue,,,,
6169186,Anlagenring,german,walk-preference,AB,A,g5,w55,walk,
6169186,Anlagenring,german,walk-preference,AB,A,w9,w7,walk,
6169186,Anlagenring,german,walk-preference,AB,B,w67,w74,walk,
6169186,Anlagenring,german,walk-preference,AB,A,w13,w32,walk,
6169186,Anlagenring,german,walk-preference,AB,B,g1,w15,walk,
6169186,Anlagenring,german,stay-init,CHOICE,Continue,,,,
6169186,Anlagenring,german,stay-preference,AB,A,s47,s48,stay,
6169186,Anlagenring,german,stay-preference,AB,B,s25,s1,stay,
6169186,Anlagenring,german,stay-preference,AB,A,s43,s30,stay,
6169186,Anlagenring,german,stay-preference,AB,B,s49,s46,stay,
6169186,Anlagenring,german,stay-preference,AB,A,s2,s10,stay,
6169186,Anlagenring,german,bike-init,CHOICE,Continue,,,,
6169186,Anlagenring,german,bike-preference,AB,A,b34,b14,bike,
6169186,Anlagenring,german,bike-preference,AB,A,b4,b11,bike,
6169186,Anlagenring,german,bike-preference,AB,B,b7,b76,bike,
6169186,Anlagenring,german,bike-preference,AB,A,b43,b68,bike,
6169186,Anlagenring,german,bike-preference,AB,B,b32,b74,bike,
7513701,Anlagenring,german,start,AB,A,t1,t2,start,
7513701,Anlagenring,german,walk-init,CHOICE,Continue,,,,
7513701,Anlagenring,german,walk-preference,AB,B,w8,w54,walk,
7513701,Anlagenring,german,walk-preference,AB,A,w46,w50,walk,
7513701,Anlagenring,german,walk-preference,AB,A,w16,w64,walk,
7513701,Anlagenring,german,walk-preference,AB,A,w58,w10,walk,
7513701,Anlagenring,german,walk-preference,AB,A,w73,w61,walk,
7513701,Anlagenring,german,stay-init,CHOICE,Continue,,,,
7513701,Anlagenring,german,stay-preference,AB,B,s45,s22,stay,
7513701,Anlagenring,german,stay-preference,AB,B,s11,s17,stay,
7513701,Anlagenring,german,stay-preference,AB,A,s44,s12,stay,
7513701,Anlagenring,german,stay-preference,AB,A,s34,s31,stay,
7513701,Anlagenring,german,stay-preference,AB,B,s24,s8,stay,
7513701,Anlagenring,german,bike-init,CHOICE,Continue,,,,
7513701,Anlagenring,german,bike-preference,AB,B,b4,b22,bike,
7513701,Anlagenring,german,bike-preference,AB,A,b26,b62,bike,
7513701,Anlagenring,german,bike-preference,AB,A,b33,b47,bike,
7513701,Anlagenring,german,bike-preference,AB,B,b55,b34,bike,
7513701,Anlagenring,german,bike-preference,AB,B,b74,b46,bike,
7513701,Anlagenring,german,walk-init,CHOICE,Continue,,,,
7513701,Anlagenring,german,walk-preference,AB,B,w84,w7,walk,
7513701,Anlagenring,german,walk-preference,AB,A,g3,w63,walk,
7513701,Anlagenring,german,walk-preference,AB,B,w45,w17,walk,
7513701,Anlagenring,german,walk-preference,AB,B,w81,w39,walk,
7513701,Anlagenring,german,walk-preference,AB,A,w59,w48,walk,
7513701,Anlagenring,german,stay-init,CHOICE,Continue,,,,
7513701,Anlagenring,german,stay-preference,AB,A,s4,s9,stay,
7513701,Anlagenring,german,stay-preference,AB,B,s35,s54,stay,
7513701,Anlagenring,german,stay-preference,AB,B,s20,s30,stay,
7513701,Anlagenring,german,stay-preference,AB,B,s29,s33,stay,
7513701,Anlagenring,german,stay-preference,AB,A,s7,s16,stay,
7513701,Anlagenring,german,bike-init,CHOICE,Continue,,,,
7513701,Anlagenring,german,bike-preference,AB,A,b20,b36,bike,
7513701,Anlagenring,german,bike-preference,AB,B,b37,b13,bike,
7513701,Anlagenring,german,bike-preference,AB,A,g18,g9,bike,
7513701,Anlagenring,german,bike-preference,AB,A,b68,b23,bike,
7513701,Anlagenring,german,bike-preference,AB,A,b53,b38,bike,
3955546,Anlagenring,german,start,AB,B,t2,t1,start,
3955546,Anlagenring,german,walk-init,CHOICE,Continue,,,,
3955546,Anlagenring,german,walk-preference,AB,A,w38,w84,walk,
3955546,Anlagenring,german,walk-preference,AB,A,w54,w23,walk,
3955546,Anlagenring,german,walk-preference,AB,B,w31,w14,walk,
3955546,Anlagenring,german,walk-preference,AB,A,w3,w67,walk,
3955546,Anlagenring,german,walk-preference,AB,A,w63,w30,walk,
3955546,Anlagenring,german,stay-init,CHOICE,Continue,,,,
3955546,Anlagenring,german,stay-preference,AB,B,s41,s34,stay,
3955546,Anlagenring,german,stay-preference,AB,B,s37,s21,stay,
3955546,Anlagenring,german,stay-preference,AB,A,s49,s23,stay,
3955546,Anlagenring,german,stay-preference,AB,A,s13,s16,stay,
3955546,Anlagenring,german,stay-preference,AB,A,s55,s46,stay,
3955546,Anlagenring,german,bike-init,CHOICE,Continue,,,,
3955546,Anlagenring,german,bike-preference,AB,A,b20,b42,bike,
3955546,Anlagenring,german,bike-preference,AB,A,b57,b53,bike,
3955546,Anlagenring,german,bike-preference,AB,B,b47,b7,bike,
3955546,Anlagenring,german,bike-preference,AB,A,g8,b18,bike,
3955546,Anlagenring,german,bike-preference,AB,=,b80,b32,bike,
3955546,Anlagenring,german,walk-init,CHOICE,Continue,,,,
3955546,Anlagenring,german,walk-preference,AB,A,w5,w33,walk,
3955546,Anlagenring,german,walk-preference,AB,A,w72,g1,walk,
3955546,Anlagenring,german,walk-preference,AB,A,w76,w81,walk,
3955546,Anlagenring,german,walk-preference,AB,B,w74,w62,walk,
3955546,Anlagenring,german,walk-preference,AB,A,w8,w56,walk,
3955546,Anlagenring,german,stay-init,CHOICE,Continue,,,,
3955546,Anlagenring,german,stay-preference,AB,A,s52,s44,stay,
3955546,Anlagenring,german,stay-preference,AB,A,s18,s43,stay,
3955546,Anlagenring,german,stay-preference,AB,A,s6,s12,stay,
3955546,Anlagenring,german,stay-preference,AB,A,s40,s11,stay,
3955546,Anlagenring,german,stay-preference,AB,B,s54,s42,stay,
7381942,Anlagenring,english,start,AB,A,t2,t1,start,
7381942,Anlagenring,german,start,AB,A,t2,t1,start,
7381942,Anlagenring,german,walk-init,CHOICE,Continue,,,,
7381942,Anlagenring,german,walk-preference,AB,A,w73,w76,walk,
7381942,Anlagenring,german,walk-preference,AB,=,w39,w58,walk,
7381942,Anlagenring,german,walk-preference,AB,A,w59,w3,walk,
7381942,Anlagenring,german,walk-preference,AB,B,w10,w24,walk,
7381942,Anlagenring,german,walk-preference,AB,A,w82,w64,walk,
7381942,Anlagenring,german,stay-init,CHOICE,Continue,,,,
7381942,Anlagenring,german,stay-preference,AB,A,s15,s39,stay,
7381942,Anlagenring,german,stay-preference,AB,B,s28,s48,stay,
7381942,Anlagenring,german,stay-preference,AB,B,s1,s5,stay,
7381942,Anlagenring,german,stay-preference,AB,B,s8,s7,stay,
7381942,Anlagenring,german,stay-preference,AB,B,s21,s51,stay,
7381942,Anlagenring,german,bike-init,CHOICE,Continue,,,,
7381942,Anlagenring,german,bike-preference,AB,=,b22,b15,bike,
7381942,Anlagenring,german,bike-preference,AB,A,b16,b47,bike,
7381942,Anlagenring,german,bike-preference,AB,B,b24,b12,bike,
7381942,Anlagenring,german,bike-preference,AB,A,b53,b52,bike,
7381942,Anlagenring,german,bike-preference,AB,B,b9,b13,bike,
7381942,Anlagenring,german,walk-init,CHOICE,Continue,,,,
7381942,Anlagenring,german,walk-preference,AB,=,w48,w69,walk,
7381942,Anlagenring,german,walk-preference,AB,B,w17,w38,walk,
9574618,Anlagenring,german,start,AB,A,t1,t2,start,
9574618,Anlagenring,german,walk-init,CHOICE,Continue,,,,
9574618,Anlagenring,german,walk-preference,AB,A,w38,w62,walk,
9574618,Anlagenring,german,walk-preference,AB,A,w50,w5,walk,
9574618,Anlagenring,german,walk-preference,AB,A,w15,w81,walk,
9574618,Anlagenring,german,walk-preference,AB,B,w77,w23,walk,
9574618,Anlagenring,german,walk-preference,AB,A,w80,w61,walk,
9574618,Anlagenring,german,stay-init,CHOICE,Continue,,,,
9574618,Anlagenring,german,stay-preference,AB,A,s24,s21,stay,
9574618,Anlagenring,german,stay-preference,AB,A,s39,s11,stay,
9574618,Anlagenring,german,stay-preference,AB,A,s5,s6,stay,
9574618,Anlagenring,german,stay-preference,AB,B,s55,s42,stay,
9574618,Anlagenring,german,stay-preference,AB,A,s20,s29,stay,
9574618,Anlagenring,german,bike-init,CHOICE,Continue,,,,
9574618,Anlagenring,german,bike-preference,AB,B,b74,g17,bike,
9574618,Anlagenring,german,bike-preference,AB,A,b62,b65,bike,
9574618,Anlagenring,german,bike-preference,AB,A,b21,b72,bike,
9574618,Anlagenring,german,bike-preference,AB,B,b12,b58,bike,
9574618,Anlagenring,german,bike-preference,AB,B,b75,b32,bike,
9574618,Anlagenring,german,walk-init,CHOICE,Continue,,,,
9574618,Anlagenring,german,walk-preference,AB,=,w69,w66,walk,
9574618,Anlagenring,german,walk-preference,AB,B,w12,w58,walk,
9574618,Anlagenring,german,walk-preference,AB,=,w84,w71,walk,
7586978,Anlagenring,german,start,AB,B,t1,t2,start,
9699259,Anlagenring,german,start,AB,B,t2,t1,start,
9699259,Anlagenring,german,walk-init,CHOICE,Continue,,,,
9699259,Anlagenring,german,walk-preference,AB,=,w77,w37,walk,
9699259,Anlagenring,german,walk-preference,AB,A,w1,w36,walk,
9699259,Anlagenring,german,walk-preference,AB,A,w11,w84,walk,
9699259,Anlagenring,german,walk-preference,AB,B,w27,w42,walk,
9699259,Anlagenring,german,walk-preference,AB,A,w22,w73,walk,
9699259,Anlagenring,german,stay-init,CHOICE,Continue,,,,
9699259,Anlagenring,german,stay-preference,AB,A,s13,s27,stay,
9699259,Anlagenring,german,stay-preference,AB,B,s23,s21,stay,
9699259,Anlagenring,german,stay-preference,AB,B,s28,s12,stay,
9699259,Anlagenring,german,stay-preference,AB,A,s39,s1,stay,
9699259,Anlagenring,german,stay-preference,AB,A,s40,s32,stay,
9699259,Anlagenring,german,bike-init,CHOICE,Continue,,,,
9699259,Anlagenring,german,bike-preference,AB,B,b28,g9,bike,
9699259,Anlagenring,german,bike-preference,AB,=,g17,b1,bike,
9699259,Anlagenring,german,bike-preference,AB,=,b77,b47,bike,
9699259,Anlagenring,german,bike-preference,AB,A,b40,b3,bike,
9699259,Anlagenring,german,bike-preference,AB,=,g12,b65,bike,
9699259,Anlagenring,german,walk-init,CHOICE,Continue,,,,
9699259,Anlagenring,german,walk-preference,AB,A,w29,g4,walk,
9699259,Anlagenring,german,walk-preference,AB,A,w16,w28,walk,
9699259,Anlagenring,german,walk-preference,AB,B,w62,w18,walk,
9699259,Anlagenring,german,walk-preference,AB,A,w79,w24,walk,
9699259,Anlagenring,german,walk-preference,AB,B,w21,w6,walk,
9699259,Anlagenring,german,stay-init,CHOICE,Continue,,,,
9699259,Anlagenring,german,stay-preference,AB,B,s44,s38,stay,
9699259,Anlagenring,german,stay-preference,AB,B,s36,s54,stay,
9699259,Anlagenring,german,stay-preference,AB,B,s41,s29,stay,
9699259,Anlagenring,german,stay-preference,AB,B,s5,s30,stay,
9699259,Anlagenring,german,stay-preference,AB,A,s2,s47,stay,
9699259,Anlagenring,german,bike-init,CHOICE,Continue,,,,
9699259,Anlagenring,german,bike-preference,AB,B,b31,b61,bike,
9699259,Anlagenring,german,bike-preference,AB,B,b80,g16,bike,
9699259,Anlagenring,german,bike-preference,AB,B,b2,b43,bike,
9699259,Anlagenring,german,bike-preference,AB,B,b76,b66,bike,
9699259,Anlagenring,german,bike-preference,AB,A,b13,b79,bike,
4168983,Anlagenring,german,start,AB,B,t2,t1,start,
4168983,Anlagenring,german,walk-init,CHOICE,Continue,,,,
4168983,Anlagenring,german,walk-preference,AB,A,w20,w83,walk,
4168983,Anlagenring,german,walk-preference,AB,B,w49,w59,walk,
4168983,Anlagenring,german,walk-preference,AB,A,w16,w78,walk,
4168983,Anlagenring,german,walk-preference,AB,A,w51,w69,walk,
4168983,Anlagenring,german,walk-preference,AB,A,w40,w32,walk,
4168983,Anlagenring,german,stay-init,CHOICE,Continue,,,,
4168983,Anlagenring,german,stay-preference,AB,A,s40,s7,stay,
4168983,Anlagenring,german,stay-preference,AB,A,s49,s26,stay,
4168983,Anlagenring,german,stay-preference,AB,B,s56,s35,stay,
4168983,Anlagenring,german,stay-preference,AB,A,s44,s23,stay,
4168983,Anlagenring,german,stay-preference,AB,B,s1,s25,stay,
4168983,Anlagenring,german,bike-init,CHOICE,Continue,,,,
4168983,Anlagenring,german,bike-preference,AB,B,b47,b14,bike,
4168983,Anlagenring,german,bike-preference,AB,A,b16,b26,bike,
4168983,Anlagenring,german,bike-preference,AB,A,b68,b1,bike,
4168983,Anlagenring,german,bike-preference,AB,A,b6,b66,bike,
4168983,Anlagenring,german,bike-preference,AB,B,g17,b4,bike,
4168983,Anlagenring,german,walk-init,CHOICE,Continue,,,,
4168983,Anlagenring,german,walk-preference,AB,B,w26,g4,walk,
4168983,Anlagenring,german,walk-preference,AB,B,w65,w6,walk,
4168983,Anlagenring,german,walk-preference,AB,A,w36,w81,walk,
4168983,Anlagenring,german,walk-preference,AB,A,w18,w9,walk,
4168983,Anlagenring,german,walk-preference,AB,B,w44,w39,walk,
4168983,Anlagenring,german,stay-init,CHOICE,Continue,,,,
4168983,Anlagenring,german,stay-preference,AB,B,s5,s51,stay,
4168983,Anlagenring,german,stay-preference,AB,B,s28,s11,stay,
4168983,Anlagenring,german,stay-preference,AB,B,s16,s17,stay,
4168983,Anlagenring,german,stay-preference,AB,A,s54,s13,stay,
4168983,Anlagenring,german,stay-preference,AB,B,s8,s19,stay,
4168983,Anlagenring,german,bike-init,CHOICE,Continue,,,,
4168983,Anlagenring,german,bike-preference,AB,A,b53,b33,bike,
4168983,Anlagenring,german,bike-preference,AB,A,b15,b46,bike,
4168983,Anlagenring,german,bike-preference,AB,B,b2,b20,bike,
4168983,Anlagenring,german,bike-preference,AB,A,b76,b75,bike,
4168983,Anlagenring,german,bike-preference,AB,A,b21,b5,bike,
1053275,Anlagenring,english,start,AB,A,t1,t2,start,
1053275,Anlagenring,english,walk-init,CHOICE,Continue,,,,
1053275,Anlagenring,english,walk-preference,AB,B,w79,w51,walk,
1053275,Anlagenring,english,walk-preference,AB,B,w7,w21,walk,
1053275,Anlagenring,english,walk-preference,AB,A,w39,w46,walk,
1053275,Anlagenring,english,walk-preference,AB,A,w12,w37,walk,
1053275,Anlagenring,english,walk-preference,AB,B,g5,w22,walk,
1053275,Anlagenring,english,stay-init,CHOICE,Continue,,,,
1053275,Anlagenring,english,stay-preference,AB,B,s13,s48,stay,
1053275,Anlagenring,english,stay-preference,AB,B,s6,s37,stay,
1053275,Anlagenring,english,stay-preference,AB,B,s55,s31,stay,
1053275,Anlagenring,english,stay-preference,AB,A,s25,s32,stay,
1053275,Anlagenring,english,stay-preference,AB,A,s36,s8,stay,
1053275,Anlagenring,english,bike-init,CHOICE,Continue,,,,
1053275,Anlagenring,english,bike-preference,AB,B,b16,b40,bike,
1053275,Anlagenring,english,bike-preference,AB,A,g9,b32,bike,
1053275,Anlagenring,english,bike-preference,AB,A,b9,b37,bike,
1053275,Anlagenring,english,bike-preference,AB,B,b3,b31,bike,
1053275,Anlagenring,english,bike-preference,AB,A,b10,b6,bike,
1053275,Anlagenring,english,walk-init,CHOICE,Continue,,,,
1053275,Anlagenring,english,walk-preference,AB,A,w42,w9,walk,
1053275,Anlagenring,english,walk-preference,AB,B,w6,w20,walk,
1053275,Anlagenring,english,walk-preference,AB,B,g2,w8,walk,
1053275,Anlagenring,english,walk-preference,AB,A,w44,w1,walk,
1053275,Anlagenring,english,walk-preference,AB,B,w56,g3,walk,
1053275,Anlagenring,english,stay-init,CHOICE,Continue,,,,
1053275,Anlagenring,english,stay-preference,AB,B,s50,s52,stay,
1053275,Anlagenring,english,stay-preference,AB,A,s54,s51,stay,
1053275,Anlagenring,english,stay-preference,AB,A,s34,s22,stay,
1053275,Anlagenring,english,stay-preference,AB,B,s41,s11,stay,
1053275,Anlagenring,english,stay-preference,AB,A,s27,s56,stay,
1053275,Anlagenring,english,bike-init,CHOICE,Continue,,,,
1053275,Anlagenring,english,bike-preference,AB,A,b61,b48,bike,
1053275,Anlagenring,english,bike-preference,AB,A,b11,b73,bike,
1053275,Anlagenring,english,bike-preference,AB,A,b26,b41,bike,
1053275,Anlagenring,english,bike-preference,AB,B,b74,b39,bike,
1053275,Anlagenring,english,bike-preference,AB,B,b59,b55,bike,
8802651,Anlagenring,german,start,AB,B,t2,t1,start,
8802651,Anlagenring,german,walk-init,CHOICE,Continue,,,,
8802651,Anlagenring,german,walk-preference,AB,B,w84,w37,walk,
8802651,Anlagenring,german,walk-preference,AB,=,w55,w8,walk,
8802651,Anlagenring,german,walk-preference,AB,B,w72,w17,walk,
8802651,Anlagenring,german,walk-preference,AB,=,w14,w31,walk,
8802651,Anlagenring,german,walk-preference,AB,A,w69,w63,walk,
8802651,Anlagenring,german,stay-init,CHOICE,Continue,,,,
8802651,Anlagenring,german,stay-preference,AB,=,s44,s32,stay,
8802651,Anlagenring,german,stay-preference,AB,=,s4,s27,stay,
8802651,Anlagenring,german,stay-preference,AB,B,s1,s37,stay,
8802651,Anlagenring,german,stay-preference,AB,=,s22,s42,stay,
8802651,Anlagenring,german,stay-preference,AB,=,s33,s20,stay,
8802651,Anlagenring,german,bike-init,CHOICE,Continue,,,,
8802651,Anlagenring,german,bike-preference,AB,B,b30,b5,bike,
8802651,Anlagenring,german,bike-preference,AB,B,g15,g10,bike,
8802651,Anlagenring,german,bike-preference,AB,B,b69,b23,bike,
8802651,Anlagenring,german,bike-preference,AB,A,g11,b24,bike,
8802651,Anlagenring,german,bike-preference,AB,=,b64,b41,bike,
8802651,Anlagenring,german,walk-init,CHOICE,Continue,,,,
8802651,Anlagenring,german,walk-preference,AB,B,w26,w32,walk,
8802651,Anlagenring,german,walk-preference,AB,=,w11,w60,walk,
8802651,Anlagenring,german,walk-preference,AB,A,w43,w67,walk,
8802651,Anlagenring,german,walk-preference,AB,=,w20,w47,walk,
8802651,Anlagenring,german,walk-preference,AB,B,w68,w5,walk,
8802651,Anlagenring,german,stay-init,CHOICE,Continue,,,,
8802651,Anlagenring,german,stay-preference,AB,=,s29,s14,stay,
8802651,Anlagenring,german,stay-preference,AB,=,s24,s3,stay,
8802651,Anlagenring,german,stay-preference,AB,=,s45,s18,stay,
8802651,Anlagenring,german,stay-preference,AB,=,s41,s56,stay,
8802651,Anlagenring,german,stay-preference,AB,B,s53,s17,stay,
8802651,Anlagenring,german,bike-init,CHOICE,Continue,,,,
8802651,Anlagenring,german,bike-preference,AB,A,b53,b27,bike,
8802651,Anlagenring,german,bike-preference,AB,=,b63,b68,bike,
8802651,Anlagenring,german,bike-preference,AB,=,b3,b44,bike,
8802651,Anlagenring,german,bike-preference,AB,A,b51,g8,bike,
8802651,Anlagenring,german,bike-preference,AB,A,b70,b26,bike,
8802651,Anlagenring,german,start,AB,A,t1,t2,start,
8802651,Anlagenring,german,walk-init,CHOICE,Continue,,,,
8802651,Anlagenring,german,walk-preference,AB,B,w15,w4,walk,
8802651,Anlagenring,german,walk-preference,AB,A,w66,w41,walk,
8802651,Anlagenring,german,walk-preference,AB,A,w23,g7,walk,
8802651,Anlagenring,german,walk-preference,AB,A,w70,w58,walk,
8802651,Anlagenring,german,walk-preference,AB,B,w64,g6,walk,
8802651,Anlagenring,german,stay-init,CHOICE,Continue,,,,
8802651,Anlagenring,german,stay-preference,AB,A,s39,s55,stay,
8802651,Anlagenring,german,stay-preference,AB,A,s8,s50,stay,
8802651,Anlagenring,german,stay-preference,AB,A,s26,s38,stay,
8802651,Anlagenring,german,stay-preference,AB,A,s36,s10,stay,
8802651,Anlagenring,german,stay-preference,AB,B,s23,s16,stay,
8802651,Anlagenring,german,bike-init,CHOICE,Continue,,,,
8802651,Anlagenring,german,bike-preference,AB,B,b56,b10,bike,
8802651,Anlagenring,german,bike-preference,AB,B,b47,b67,bike,
8802651,Anlagenring,german,bike-preference,AB,A,g14,b34,bike,
8802651,Anlagenring,german,bike-preference,AB,A,b50,b13,bike,
8802651,Anlagenring,german,bike-preference,AB,B,b1,b76,bike,
8802651,Anlagenring,german,walk-init,CHOICE,Continue,,,,
8802651,Anlagenring,german,walk-preference,AB,B,w54,w53,walk,
8802651,Anlagenring,german,walk-preference,AB,B,w76,w57,walk,
8802651,Anlagenring,german,walk-preference,AB,A,w65,w51,walk,
8802651,Anlagenring,german,walk-preference,AB,A,w45,w81,walk,
8802651,Anlagenring,german,walk-preference,AB,B,w80,w75,walk,
8802651,Anlagenring,german,stay-init,CHOICE,Continue,,,,
8802651,Anlagenring,german,stay-preference,AB,A,s43,s7,stay,
8802651,Anlagenring,german,stay-preference,AB,B,s6,s15,stay,
8802651,Anlagenring,german,stay-preference,AB,A,s5,s25,stay,
8802651,Anlagenring,german,stay-preference,AB,B,s48,s19,stay,
8802651,Anlagenring,german,stay-preference,AB,B,s9,s11,stay,
8802651,Anlagenring,german,bike-init,CHOICE,Continue,,,,
8802651,Anlagenring,german,bike-preference,AB,A,b14,b73,bike,
8802651,Anlagenring,german,bike-preference,AB,A,g12,b59,bike,
8802651,Anlagenring,german,bike-preference,AB,A,b57,b48,bike,
8802651,Anlagenring,german,bike-preference,AB,B,b18,b52,bike,
8802651,Anlagenring,german,bike-preference,AB,B,b39,b21,bike,
6763572,Anlagenring,german,start,AB,B,t2,t1,start,
6763572,Anlagenring,german,walk-init,CHOICE,Continue,,,,
6763572,Anlagenring,german,walk-preference,AB,B,g6,w60,walk,
6763572,Anlagenring,german,walk-preference,AB,B,g4,w23,walk,
6763572,Anlagenring,german,walk-preference,AB,B,w49,w9,walk,
6763572,Anlagenring,german,walk-preference,AB,=,w46,w42,walk,
6763572,Anlagenring,german,walk-preference,AB,A,w37,w78,walk,
6763572,Anlagenring,german,stay-init,CHOICE,Continue,,,,
6763572,Anlagenring,german,stay-preference,AB,B,s25,s38,stay,
6763572,Anlagenring,german,stay-preference,AB,B,s37,s32,stay,
6763572,Anlagenring,german,stay-preference,AB,A,s52,s47,stay,
6763572,Anlagenring,german,stay-preference,AB,B,s26,s55,stay,
6763572,Anlagenring,german,stay-preference,AB,=,s54,s30,stay,
6763572,Anlagenring,german,bike-init,CHOICE,Continue,,,,
6763572,Anlagenring,german,bike-preference,AB,B,b37,g15,bike,
6763572,Anlagenring,german,bike-preference,AB,A,b69,b79,bike,
6763572,Anlagenring,german,bike-preference,AB,A,b26,g11,bike,
6763572,Anlagenring,german,bike-preference,AB,A,b10,b25,bike,
6763572,Anlagenring,german,bike-preference,AB,A,g10,b45,bike,
6763572,Anlagenring,german,walk-init,CHOICE,Continue,,,,
6763572,Anlagenring,german,walk-preference,AB,B,w26,w61,walk,
6763572,Anlagenring,german,walk-preference,AB,A,w41,w82,walk,
6763572,Anlagenring,german,walk-preference,AB,A,w79,w62,walk,
6763572,Anlagenring,german,walk-preference,AB,A,w57,g5,walk,
6763572,Anlagenring,german,walk-preference,AB,A,w76,w45,walk,
6763572,Anlagenring,german,stay-init,CHOICE,Continue,,,,
6763572,Anlagenring,german,stay-preference,AB,B,s21,s17,stay,
6763572,Anlagenring,german,stay-preference,AB,B,s5,s18,stay,
6763572,Anlagenring,german,stay-preference,AB,B,s24,s20,stay,
6763572,Anlagenring,german,stay-preference,AB,B,s16,s50,stay,
6763572,Anlagenring,german,stay-preference,AB,B,s35,s29,stay,
6763572,Anlagenring,german,bike-init,CHOICE,Continue,,,,
6763572,Anlagenring,german,bike-preference,AB,=,b8,b51,bike,
6763572,Anlagenring,german,bike-preference,AB,=,b44,b19,bike,
6763572,Anlagenring,german,bike-preference,AB,=,b18,b54,bike,
6763572,Anlagenring,german,bike-preference,AB,=,b80,g13,bike,
6763572,Anlagenring,german,bike-preference,AB,=,b6,b60,bike,
5604084,Anlagenring,english,start,AB,A,t1,t2,start,
5604084,Anlagenring,english,walk-init,CHOICE,Continue,,,,
5604084,Anlagenring,english,walk-preference,AB,A,w4,w31,walk,
5604084,Anlagenring,english,walk-preference,AB,A,w43,w40,walk,
5604084,Anlagenring,english,walk-preference,AB,A,w22,w18,walk,
5604084,Anlagenring,english,walk-preference,AB,B,w74,w2,walk,
5604084,Anlagenring,english,walk-preference,AB,A,w50,w57,walk,
5604084,Anlagenring,english,stay-init,CHOICE,Continue,,,,
5604084,Anlagenring,english,stay-preference,AB,B,s8,s4,stay,
5604084,Anlagenring,english,stay-preference,AB,B,s7,s36,stay,
5604084,Anlagenring,english,stay-preference,AB,B,s49,s47,stay,
5604084,Anlagenring,english,stay-preference,AB,B,s41,s53,stay,
5604084,Anlagenring,english,stay-preference,AB,B,s11,s25,stay,
5604084,Anlagenring,english,bike-init,CHOICE,Continue,,,,
5604084,Anlagenring,english,bike-preference,AB,A,b17,g18,bike,
5604084,Anlagenring,english,bike-preference,AB,B,g12,b35,bike,
5604084,Anlagenring,english,bike-preference,AB,A,b49,b54,bike,
5604084,Anlagenring,english,bike-preference,AB,A,b55,b71,bike,
5604084,Anlagenring,english,bike-preference,AB,B,b30,b56,bike,
5604084,Anlagenring,english,walk-init,CHOICE,Continue,,,,
5604084,Anlagenring,english,walk-preference,AB,B,w12,w11,walk,
5604084,Anlagenring,english,walk-preference,AB,A,w21,w17,walk,
5604084,Anlagenring,english,walk-preference,AB,B,w80,w3,walk,
5604084,Anlagenring,english,walk-preference,AB,A,w28,w77,walk,
5604084,Anlagenring,english,walk-preference,AB,A,w47,w20,walk,
5604084,Anlagenring,english,stay-init,CHOICE,Continue,,,,
5604084,Anlagenring,english,stay-preference,AB,A,s40,s42,stay,
5604084,Anlagenring,english,stay-preference,AB,A,s16,s12,stay,
5604084,Anlagenring,english,stay-preference,AB,A,s2,s52,stay,
5604084,Anlagenring,english,stay-preference,AB,A,s3,s39,stay,
5604084,Anlagenring,english,stay-preference,AB,B,s56,s37,stay,
5604084,Anlagenring,english,bike-init,CHOICE,Continue,,,,
5604084,Anlagenring,english,bike-preference,AB,B,b25,b67,bike,
5604084,Anlagenring,english,bike-preference,AB,B,b52,b9,bike,
5604084,Anlagenring,english,bike-preference,AB,A,b64,g11,bike,
5604084,Anlagenring,english,bike-preference,AB,A,b14,b62,bike,
5604084,Anlagenring,english,bike-preference,AB,A,b42,b27,bike,
424449,Anlagenring,english,start,AB,B,t2,t1,start,
424449,Anlagenring,english,walk-init,CHOICE,Continue,,,,
424449,Anlagenring,english,walk-preference,AB,=,w56,w82,walk,
424449,Anlagenring,english,walk-preference,AB,B,w55,w84,walk,
424449,Anlagenring,english,walk-preference,AB,B,g5,w56,walk,
424449,Anlagenring,english,walk-preference,AB,A,w69,w55,walk,
424449,Anlagenring,english,walk-preference,AB,B,w84,w22,walk,
424449,Anlagenring,english,stay-init,CHOICE,Continue,,,,
424449,Anlagenring,english,stay-preference,AB,=,s13,s18,stay,
424449,Anlagenring,english,stay-preference,AB,A,s31,s23,stay,
424449,Anlagenring,english,stay-preference,AB,=,s51,s18,stay,
424449,Anlagenring,english,stay-preference,AB,A,s49,s13,stay,
424449,Anlagenring,english,stay-preference,AB,B,s56,s51,stay,
424449,Anlagenring,english,bike-init,CHOICE,Continue,,,,
424449,Anlagenring,english,bike-preference,AB,=,b52,g17,bike,
424449,Anlagenring,english,bike-preference,AB,A,b25,b66,bike,
424449,Anlagenring,english,bike-preference,AB,A,b22,b52,bike,
424449,Anlagenring,english,bike-preference,AB,A,g9,g17,bike,
424449,Anlagenring,english,bike-preference,AB,B,b22,b50,bike,
424449,Anlagenring,english,walk-init,CHOICE,Continue,,,,
424449,Anlagenring,english,walk-preference,AB,B,w82,w7,walk,
424449,Anlagenring,english,walk-preference,AB,=,g5,w52,walk,
3148341,Anlagenring,english,start,AB,B,t1,t2,start,
3148341,Anlagenring,english,walk-init,CHOICE,Continue,,,,
5067429,Anlagenring,english,start,AB,B,t2,t1,start,
5067429,Anlagenring,english,walk-init,CHOICE,Continue,,,,
3148341,Anlagenring,german,start,AB,A,t1,t2,start,
3148341,Anlagenring,german,walk-init,CHOICE,Continue,,,,
3148341,Anlagenring,german,walk-preference,AB,A,w18,w56,walk,
3148341,Anlagenring,german,walk-preference,AB,B,w52,w67,walk,
3148341,Anlagenring,german,walk-preference,AB,A,w69,w33,walk,
3148341,Anlagenring,german,walk-preference,AB,B,w14,w7,walk,
3148341,Anlagenring,german,walk-preference,AB,A,g5,w32,walk,
3148341,Anlagenring,german,stay-init,CHOICE,Continue,,,,
5067429,Anlagenring,english,walk-preference,AB,B,w67,w22,walk,
3148341,Anlagenring,german,stay-preference,AB,A,s16,s23,stay,
3148341,Anlagenring,german,stay-preference,AB,A,s7,s31,stay,
3148341,Anlagenring,german,stay-preference,AB,A,s18,s27,stay,
3148341,Anlagenring,german,stay-preference,AB,B,s51,s25,stay,
3148341,Anlagenring,german,stay-preference,AB,A,s45,s56,stay,
3148341,Anlagenring,german,bike-init,CHOICE,Continue,,,,
3148341,Anlagenring,german,bike-preference,AB,B,b25,b12,bike,
3148341,Anlagenring,german,bike-preference,AB,B,g8,b50,bike,
3148341,Anlagenring,german,bike-preference,AB,B,b31,g17,bike,
5067429,Anlagenring,english,walk-preference,AB,B,w52,w10,walk,
3148341,Anlagenring,german,bike-preference,AB,B,b52,b40,bike,
3148341,Anlagenring,german,bike-preference,AB,A,b66,b51,bike,
3148341,Anlagenring,german,walk-init,CHOICE,Continue,,,,
3148341,Anlagenring,german,walk-preference,AB,A,w22,w80,walk,
3148341,Anlagenring,german,walk-preference,AB,A,w62,w10,walk,
3148341,Anlagenring,german,walk-preference,AB,B,w82,g4,walk,
3148341,Anlagenring,german,walk-preference,AB,A,w84,w35,walk,
3148341,Anlagenring,german,walk-preference,AB,B,w67,w53,walk,
3148341,Anlagenring,german,stay-init,CHOICE,Continue,,,,
3148341,Anlagenring,german,stay-preference,AB,B,s8,s13,stay,
5067429,Anlagenring,english,walk-preference,AB,B,w84,w53,walk,
3148341,Anlagenring,german,stay-preference,AB,B,s49,s40,stay,
5067429,Anlagenring,english,walk-preference,AB,B,w62,w14,walk,
5067429,Anlagenring,english,walk-preference,AB,A,w56,w32,walk,
3148341,Anlagenring,german,stay-preference,AB,A,s5,s16,stay,
5067429,Anlagenring,english,stay-init,CHOICE,Continue,,,,
3148341,Anlagenring,german,stay-preference,AB,B,s56,s36,stay,
3148341,Anlagenring,german,stay-preference,AB,B,s17,s18,stay,
3148341,Anlagenring,german,bike-init,CHOICE,Continue,,,,
3148341,Anlagenring,german,bike-preference,AB,A,g9,b37,bike,
3148341,Anlagenring,german,bike-preference,AB,A,b22,b54,bike,
3148341,Anlagenring,german,bike-preference,AB,A,b66,b41,bike,
3148341,Anlagenring,german,bike-preference,AB,A,b39,b31,bike,
3148341,Anlagenring,german,bike-preference,AB,B,g8,b16,bike,
3148341,Anlagenring,german,walk-init,CHOICE,Continue,,,,
3148341,Anlagenring,german,walk-preference,AB,B,g4,w22,walk,
3148341,Anlagenring,german,walk-preference,AB,B,w14,w56,walk,
3148341,Anlagenring,german,walk-preference,AB,A,w18,w69,walk,
3148341,Anlagenring,german,walk-preference,AB,A,w33,w7,walk,
3148341,Anlagenring,german,walk-preference,AB,B,w14,w80,walk,
3148341,Anlagenring,german,stay-init,CHOICE,Continue,,,,
3148341,Anlagenring,german,stay-preference,AB,B,s2,s40,stay,
3148341,Anlagenring,german,stay-preference,AB,B,s5,s1,stay,
3148341,Anlagenring,german,stay-preference,AB,B,s25,s26,stay,
3148341,Anlagenring,german,stay-preference,AB,A,s17,s31,stay,
3148341,Anlagenring,german,stay-preference,AB,B,s18,s26,stay,
3148341,Anlagenring,german,bike-init,CHOICE,Continue,,,,
3148341,Anlagenring,german,bike-preference,AB,B,b35,b41,bike,
3148341,Anlagenring,german,bike-preference,AB,A,b22,b10,bike,
3148341,Anlagenring,german,bike-preference,AB,B,b25,b70,bike,
3148341,Anlagenring,german,bike-preference,AB,B,b51,b10,bike,
3148341,Anlagenring,german,bike-preference,AB,B,b16,b66,bike,
3148341,Anlagenring,german,walk-init,CHOICE,Continue,,,,
3148341,Anlagenring,german,walk-preference,AB,A,g3,w22,walk,
3148341,Anlagenring,german,walk-preference,AB,B,w18,w57,walk,
3148341,Anlagenring,german,walk-preference,AB,B,w73,w22,walk,
3148341,Anlagenring,german,walk-preference,AB,B,w35,w46,walk,
3148341,Anlagenring,german,walk-preference,AB,B,w28,w53,walk,
3148341,Anlagenring,german,stay-init,CHOICE,Continue,,,,
3148341,Anlagenring,german,stay-preference,AB,A,s45,s25,stay,
3148341,Anlagenring,german,stay-preference,AB,B,s26,s17,stay,
3148341,Anlagenring,german,stay-preference,AB,B,s51,s16,stay,
3148341,Anlagenring,german,stay-preference,AB,A,s36,s49,stay,
3148341,Anlagenring,german,stay-preference,AB,B,s27,s45,stay,
3148341,Anlagenring,german,bike-init,CHOICE,Continue,,,,
3148341,Anlagenring,german,bike-preference,AB,B,b35,b54,bike,
3148341,Anlagenring,german,bike-preference,AB,A,b66,b12,bike,
3148341,Anlagenring,german,bike-preference,AB,A,g17,b10,bike,
3148341,Anlagenring,german,bike-preference,AB,A,b40,b25,bike,
3148341,Anlagenring,german,bike-preference,AB,A,b66,b50,bike,
9848858,Anlagenring,english,start,AB,=,t1,t2,start,
9848858,Anlagenring,english,walk-init,CHOICE,Continue,,,,
9848858,Anlagenring,english,walk-preference,AB,A,w53,w27,walk,
9848858,Anlagenring,english,walk-preference,AB,A,w33,w49,walk,
9848858,Anlagenring,english,walk-preference,AB,A,w16,w14,walk,
9848858,Anlagenring,english,walk-preference,AB,A,w56,g2,walk,
9848858,Anlagenring,english,walk-preference,AB,=,w74,w22,walk,
9848858,Anlagenring,english,stay-init,CHOICE,Continue,,,,
9848858,Anlagenring,english,stay-preference,AB,A,s27,s51,stay,
9848858,Anlagenring,english,stay-preference,AB,=,s40,s17,stay,
9848858,Anlagenring,english,stay-preference,AB,=,s36,s5,stay,
9848858,Anlagenring,english,stay-preference,AB,=,s13,s56,stay,
9848858,Anlagenring,english,stay-preference,AB,=,s49,s31,stay,
9848858,Anlagenring,english,bike-init,CHOICE,Continue,,,,
9848858,Anlagenring,english,bike-preference,AB,B,g9,b39,bike,
9848858,Anlagenring,english,bike-preference,AB,B,b10,b41,bike,
9848858,Anlagenring,english,bike-preference,AB,A,b31,b37,bike,
9848858,Anlagenring,english,bike-preference,AB,A,b12,b42,bike,
5067429,Anlagenring,english,stay-preference,AB,A,s17,s7,stay,
5067429,Anlagenring,english,stay-preference,AB,A,s2,s23,stay,
9848858,Anlagenring,english,bike-preference,AB,=,g11,b66,bike,
9848858,Anlagenring,english,walk-init,CHOICE,Continue,,,,
9848858,Anlagenring,english,walk-preference,AB,A,w43,w73,walk,
9848858,Anlagenring,english,walk-preference,AB,B,w78,w57,walk,
9848858,Anlagenring,english,walk-preference,AB,A,w11,w62,walk,
9848858,Anlagenring,english,walk-preference,AB,B,w82,w37,walk,
5067429,Anlagenring,english,stay-preference,AB,A,s31,s37,stay,
9848858,Anlagenring,english,walk-preference,AB,A,w7,w36,walk,
5067429,Anlagenring,english,stay-preference,AB,A,s36,s38,stay,
5067429,Anlagenring,english,stay-preference,AB,B,s25,s14,stay,
5067429,Anlagenring,english,bike-init,CHOICE,Continue,,,,
5067429,Anlagenring,english,bike-preference,AB,B,b48,b51,bike,
5067429,Anlagenring,english,bike-preference,AB,A,b42,b77,bike,
5067429,Anlagenring,english,bike-preference,AB,A,b22,b55,bike,
5067429,Anlagenring,english,bike-preference,AB,A,b39,b15,bike,
5067429,Anlagenring,english,bike-preference,AB,A,b35,b75,bike,
5067429,Anlagenring,english,walk-init,CHOICE,Continue,,,,
5067429,Anlagenring,english,walk-preference,AB,A,w11,w77,walk,
5067429,Anlagenring,english,walk-preference,AB,A,w2,w49,walk,
5067429,Anlagenring,english,walk-preference,AB,B,w69,w38,walk,
5067429,Anlagenring,english,walk-preference,AB,A,w50,w73,walk,
5067429,Anlagenring,english,walk-preference,AB,A,w66,w43,walk,
5067429,Anlagenring,english,stay-init,CHOICE,Continue,,,,
5067429,Anlagenring,english,stay-preference,AB,A,s35,s51,stay,
5067429,Anlagenring,english,stay-preference,AB,B,s45,s32,stay,
5067429,Anlagenring,english,stay-preference,AB,B,s34,s26,stay,
5067429,Anlagenring,english,stay-preference,AB,B,s56,s53,stay,
5067429,Anlagenring,english,stay-preference,AB,A,s1,s20,stay,
5067429,Anlagenring,english,bike-init,CHOICE,Continue,,,,
5067429,Anlagenring,english,bike-preference,AB,A,b40,b59,bike,
5067429,Anlagenring,english,bike-preference,AB,B,b70,b13,bike,
5067429,Anlagenring,english,bike-preference,AB,B,b14,b41,bike,
5067429,Anlagenring,english,bike-preference,AB,A,b80,g8,bike,
5067429,Anlagenring,english,bike-preference,AB,A,b50,b23,bike,
5067429,Anlagenring,english,walk-init,CHOICE,Continue,,,,
5067429,Anlagenring,english,walk-preference,AB,A,w36,w78,walk,
5067429,Anlagenring,english,walk-preference,AB,B,g4,g5,walk,
5067429,Anlagenring,english,walk-preference,AB,B,w16,w18,walk,
5067429,Anlagenring,english,walk-preference,AB,B,w57,g3,walk,
5067429,Anlagenring,english,walk-preference,AB,A,w74,w7,walk,
5067429,Anlagenring,english,stay-init,CHOICE,Continue,,,,
5067429,Anlagenring,english,stay-preference,AB,B,s49,s43,stay,
5067429,Anlagenring,english,stay-preference,AB,A,s13,s41,stay,
5067429,Anlagenring,english,stay-preference,AB,B,s40,s19,stay,
5067429,Anlagenring,english,stay-preference,AB,B,s48,s8,stay,
5067429,Anlagenring,english,stay-preference,AB,B,s28,s5,stay,
5067429,Anlagenring,english,bike-init,CHOICE,Continue,,,,
5067429,Anlagenring,english,bike-preference,AB,A,b66,b9,bike,
5067429,Anlagenring,english,bike-preference,AB,A,b17,b31,bike,
5067429,Anlagenring,english,bike-preference,AB,A,b52,b43,bike,
5067429,Anlagenring,english,bike-preference,AB,A,b76,b16,bike,
5067429,Anlagenring,english,bike-preference,AB,B,b47,g17,bike,
5067429,Anlagenring,english,walk-init,CHOICE,Continue,,,,
5067429,Anlagenring,english,walk-preference,AB,B,w33,w55,walk,
5067429,Anlagenring,english,walk-preference,AB,B,w35,w46,walk,
5067429,Anlagenring,english,walk-preference,AB,A,w80,w27,walk,
5067429,Anlagenring,english,walk-preference,AB,A,w37,w82,walk,
5067429,Anlagenring,english,walk-preference,AB,A,w28,g2,walk,
5067429,Anlagenring,english,stay-init,CHOICE,Continue,,,,
5067429,Anlagenring,english,stay-preference,AB,A,s3,s16,stay,
3790312,Anlagenring,english,start,AB,A,t1,t2,start,
3790312,Anlagenring,english,walk-init,CHOICE,Continue,,,,
3790312,Anlagenring,english,walk-preference,AB,B,w33,w16,walk,
3790312,Anlagenring,english,walk-preference,AB,B,w50,w38,walk,
3790312,Anlagenring,english,walk-preference,AB,A,w35,w81,walk,
3790312,Anlagenring,english,walk-preference,AB,A,w82,w9,walk,
3790312,Anlagenring,english,walk-preference,AB,A,w46,g1,walk,
3790312,Anlagenring,english,stay-init,CHOICE,Continue,,,,
9062607,Anlagenring,english,start,AB,A,t1,t2,start,
9062607,Anlagenring,english,walk-init,CHOICE,Continue,,,,
3790312,Anlagenring,english,stay-preference,AB,A,s29,s28,stay,
3790312,Anlagenring,english,stay-preference,AB,B,s31,s12,stay,
9062607,Anlagenring,english,walk-preference,AB,A,w14,w63,walk,
9062607,Anlagenring,english,walk-preference,AB,B,w79,w11,walk,
3790312,Anlagenring,english,stay-preference,AB,B,s46,s51,stay,
3790312,Anlagenring,english,stay-preference,AB,A,s17,s11,stay,
9062607,Anlagenring,english,walk-preference,AB,A,w21,g3,walk,
9062607,Anlagenring,english,walk-preference,AB,B,w56,w29,walk,
3790312,Anlagenring,english,stay-preference,AB,B,s56,s39,stay,
3790312,Anlagenring,english,bike-init,CHOICE,Continue,,,,
3790312,Anlagenring,english,bike-preference,AB,A,b65,b47,bike,
9062607,Anlagenring,english,walk-preference,AB,B,w36,w6,walk,
9062607,Anlagenring,english,stay-init,CHOICE,Continue,,,,
3790312,Anlagenring,english,bike-preference,AB,A,g17,g16,bike,
9062607,Anlagenring,english,stay-preference,AB,A,s47,s37,stay,
9062607,Anlagenring,english,stay-preference,AB,A,s31,s20,stay,
3790312,Anlagenring,english,bike-preference,AB,A,g8,b61,bike,
3790312,Anlagenring,english,bike-preference,AB,A,b15,b80,bike,
9062607,Anlagenring,english,stay-preference,AB,B,s41,s48,stay,
3790312,Anlagenring,english,bike-preference,AB,A,b40,g11,bike,
3790312,Anlagenring,english,walk-init,CHOICE,Continue,,,,
9062607,Anlagenring,english,stay-preference,AB,B,s11,s27,stay,
9062607,Anlagenring,english,stay-preference,AB,A,s39,s29,stay,
3790312,Anlagenring,english,walk-preference,AB,A,w48,g5,walk,
9062607,Anlagenring,english,bike-init,CHOICE,Continue,,,,
3790312,Anlagenring,english,walk-preference,AB,A,w4,w37,walk,
9062607,Anlagenring,english,bike-preference,AB,A,b17,b15,bike,
3790312,Anlagenring,english,walk-preference,AB,A,w74,w83,walk,
9062607,Anlagenring,english,bike-preference,AB,A,b14,b55,bike,
9062607,Anlagenring,english,bike-preference,AB,B,b48,b61,bike,
9062607,Anlagenring,english,bike-preference,AB,B,b23,b31,bike,
9062607,Anlagenring,english,bike-preference,AB,B,b51,b43,bike,
3790312,Anlagenring,english,walk-preference,AB,A,w56,w26,walk,
9062607,Anlagenring,english,walk-init,CHOICE,Continue,,,,
9062607,Anlagenring,english,walk-preference,AB,A,w33,g7,walk,
3790312,Anlagenring,english,walk-preference,AB,A,g6,g2,walk,
9062607,Anlagenring,english,walk-preference,AB,B,w83,w65,walk,
3790312,Anlagenring,english,stay-init,CHOICE,Continue,,,,
9062607,Anlagenring,english,walk-preference,AB,=,w50,w70,walk,
9062607,Anlagenring,english,walk-preference,AB,A,w44,w28,walk,
3790312,Anlagenring,english,stay-preference,AB,A,s48,s34,stay,
9062607,Anlagenring,english,walk-preference,AB,=,w45,w53,walk,
9062607,Anlagenring,english,stay-init,CHOICE,Continue,,,,
3790312,Anlagenring,english,stay-preference,AB,=,s47,s14,stay,
3790312,Anlagenring,english,stay-preference,AB,A,s38,s20,stay,
9062607,Anlagenring,english,stay-preference,AB,B,s36,s19,stay,
9062607,Anlagenring,english,stay-preference,AB,A,s45,s53,stay,
3790312,Anlagenring,english,stay-preference,AB,=,s7,s43,stay,
9062607,Anlagenring,english,stay-preference,AB,A,s22,s49,stay,
3790312,Anlagenring,english,stay-preference,AB,=,s53,s15,stay,
3790312,Anlagenring,english,bike-init,CHOICE,Continue,,,,
9062607,Anlagenring,english,stay-preference,AB,B,s35,s52,stay,
3790312,Anlagenring,english,bike-preference,AB,A,b70,b14,bike,
9062607,Anlagenring,english,stay-preference,AB,A,s56,s50,stay,
9062607,Anlagenring,english,bike-init,CHOICE,Continue,,,,
9062607,Anlagenring,english,bike-preference,AB,B,b80,b54,bike,
3790312,Anlagenring,english,bike-preference,AB,=,b22,b13,bike,
9062607,Anlagenring,english,bike-preference,AB,A,b76,g17,bike,
3790312,Anlagenring,english,bike-preference,AB,=,b50,b9,bike,
9062607,Anlagenring,english,bike-preference,AB,B,g16,b52,bike,
9062607,Anlagenring,english,bike-preference,AB,A,b75,g12,bike,
3790312,Anlagenring,english,bike-preference,AB,A,b5,g9,bike,
9062607,Anlagenring,english,bike-preference,AB,B,b22,b29,bike,
9062607,Anlagenring,english,walk-init,CHOICE,Continue,,,,
3790312,Anlagenring,english,bike-preference,AB,A,b37,b27,bike,
3790312,Anlagenring,english,walk-init,CHOICE,Continue,,,,
3790312,Anlagenring,english,walk-preference,AB,B,w34,w44,walk,
9062607,Anlagenring,english,walk-preference,AB,A,w34,w48,walk,
9062607,Anlagenring,english,walk-preference,AB,A,w75,w37,walk,
3790312,Anlagenring,english,walk-preference,AB,B,w57,w75,walk,
3790312,Anlagenring,english,walk-preference,AB,B,w70,w2,walk,
9062607,Anlagenring,english,walk-preference,AB,A,w9,w82,walk,
3790312,Anlagenring,english,walk-preference,AB,B,w79,w43,walk,
3790312,Anlagenring,english,walk-preference,AB,=,w84,w65,walk,
3790312,Anlagenring,english,stay-init,CHOICE,Continue,,,,
9062607,Anlagenring,english,walk-preference,AB,A,w10,g5,walk,
9062607,Anlagenring,english,walk-preference,AB,A,w16,w80,walk,
3790312,Anlagenring,english,stay-preference,AB,=,s33,s35,stay,
9062607,Anlagenring,english,stay-init,CHOICE,Continue,,,,
9062607,Anlagenring,english,stay-preference,AB,B,s54,s17,stay,
3790312,Anlagenring,english,stay-preference,AB,=,s2,s44,stay,
9062607,Anlagenring,english,stay-preference,AB,B,s3,s44,stay,
3790312,Anlagenring,english,stay-preference,AB,A,s6,s41,stay,
9062607,Anlagenring,english,stay-preference,AB,=,s9,s14,stay,
9062607,Anlagenring,english,stay-preference,AB,=,s13,s4,stay,
3790312,Anlagenring,english,stay-preference,AB,A,s4,s1,stay,
9062607,Anlagenring,english,stay-preference,AB,B,s24,s40,stay,
9062607,Anlagenring,english,bike-init,CHOICE,Continue,,,,
3790312,Anlagenring,english,stay-preference,AB,=,s30,s32,stay,
3790312,Anlagenring,english,bike-init,CHOICE,Continue,,,,
9062607,Anlagenring,english,bike-preference,AB,A,b11,g11,bike,
3790312,Anlagenring,english,bike-preference,AB,B,b66,b8,bike,
9062607,Anlagenring,english,bike-preference,AB,B,b47,b58,bike,
3790312,Anlagenring,english,bike-preference,AB,=,b43,b28,bike,
9062607,Anlagenring,english,bike-preference,AB,=,b69,b77,bike,
9062607,Anlagenring,english,bike-preference,AB,B,b7,b40,bike,
3790312,Anlagenring,english,bike-preference,AB,=,b75,b67,bike,
9062607,Anlagenring,english,bike-preference,AB,B,b44,b70,bike,
9062607,Anlagenring,english,walk-init,CHOICE,Continue,,,,
9062607,Anlagenring,english,walk-preference,AB,B,g2,w32,walk,
3790312,Anlagenring,english,bike-preference,AB,B,b74,b52,bike,
9062607,Anlagenring,english,walk-preference,AB,=,w66,w38,walk,
3790312,Anlagenring,english,bike-preference,AB,A,b35,b60,bike,
3790312,Anlagenring,english,walk-init,CHOICE,Continue,,,,
9062607,Anlagenring,english,walk-preference,AB,B,w42,w2,walk,
3790312,Anlagenring,english,walk-preference,AB,=,w29,w39,walk,
9062607,Anlagenring,english,walk-preference,AB,A,w43,w30,walk,
9062607,Anlagenring,english,walk-preference,AB,A,w5,w49,walk,
9062607,Anlagenring,english,stay-init,CHOICE,Continue,,,,
3790312,Anlagenring,english,walk-preference,AB,=,w23,w78,walk,
9062607,Anlagenring,english,stay-preference,AB,B,s21,s16,stay,
3790312,Anlagenring,english,walk-preference,AB,=,w5,w19,walk,
3790312,Anlagenring,english,walk-preference,AB,A,w3,w69,walk,
9062607,Anlagenring,english,stay-preference,AB,=,s10,s7,stay,
9062607,Anlagenring,english,stay-preference,AB,A,s55,s25,stay,
9062607,Anlagenring,english,stay-preference,AB,A,s42,s26,stay,
3790312,Anlagenring,english,walk-preference,AB,=,w24,w73,walk,
3790312,Anlagenring,english,stay-init,CHOICE,Continue,,,,
3790312,Anlagenring,english,stay-preference,AB,=,s55,s18,stay,
9062607,Anlagenring,english,stay-preference,AB,=,s30,s12,stay,
9062607,Anlagenring,english,bike-init,CHOICE,Continue,,,,
3790312,Anlagenring,english,stay-preference,AB,B,s23,s52,stay,
9062607,Anlagenring,english,bike-preference,AB,A,b74,b24,bike,
3790312,Anlagenring,english,stay-preference,AB,A,s37,s24,stay,
9062607,Anlagenring,english,bike-preference,AB,A,g18,b10,bike,
3790312,Anlagenring,english,stay-preference,AB,B,s25,s8,stay,
9062607,Anlagenring,english,bike-preference,AB,A,b60,b18,bike,
3790312,Anlagenring,english,stay-preference,AB,=,s9,s5,stay,
3790312,Anlagenring,english,bike-init,CHOICE,Continue,,,,
3790312,Anlagenring,english,bike-preference,AB,A,b2,b41,bike,
3790312,Anlagenring,english,bike-preference,AB,A,b18,b73,bike,
6288720,Anlagenring,english,start,AB,A,t1,t2,start,
3790312,Anlagenring,english,bike-preference,AB,B,b4,b44,bike,
9062607,Anlagenring,english,bike-preference,AB,B,b4,b67,bike,
9062607,Anlagenring,english,bike-preference,AB,A,b59,b37,bike,
6288720,Anlagenring,german,start,AB,B,t2,t1,start,
6288720,Anlagenring,german,walk-init,CHOICE,Continue,,,,
3790312,Anlagenring,english,bike-preference,AB,=,g12,b59,bike,
6288720,Anlagenring,german,walk-preference,AB,B,w76,w43,walk,
3790312,Anlagenring,english,bike-preference,AB,B,b23,b51,bike,
6288720,Anlagenring,german,walk-preference,AB,A,w50,w51,walk,
1488474,Anlagenring,german,start,AB,A,t1,t2,start,
1488474,Anlagenring,german,walk-init,CHOICE,Continue,,,,
6288720,Anlagenring,german,walk-preference,AB,B,w77,w60,walk,
6288720,Anlagenring,german,walk-preference,AB,A,w40,w74,walk,
6288720,Anlagenring,german,walk-preference,AB,A,w6,w31,walk,
6288720,Anlagenring,german,stay-init,CHOICE,Continue,,,,
1488474,Anlagenring,german,walk-preference,AB,B,w59,w30,walk,
6288720,Anlagenring,german,stay-preference,AB,A,s35,s38,stay,
6288720,Anlagenring,german,stay-preference,AB,B,s6,s30,stay,
6288720,Anlagenring,german,stay-preference,AB,A,s42,s44,stay,
1488474,Anlagenring,german,walk-preference,AB,B,w75,w58,walk,
6288720,Anlagenring,german,stay-preference,AB,A,s11,s51,stay,
6288720,Anlagenring,german,stay-preference,AB,B,s23,s46,stay,
6288720,Anlagenring,german,bike-init,CHOICE,Continue,,,,
6288720,Anlagenring,german,bike-preference,AB,A,b12,b70,bike,
1488474,Anlagenring,german,walk-preference,AB,B,w50,w64,walk,
6288720,Anlagenring,german,bike-preference,AB,A,b18,b28,bike,
6288720,Anlagenring,german,bike-preference,AB,B,b47,b48,bike,
6288720,Anlagenring,german,bike-preference,AB,B,b66,b29,bike,
1488474,Anlagenring,german,walk-preference,AB,A,w74,w47,walk,
6288720,Anlagenring,german,bike-preference,AB,A,b44,g9,bike,
6288720,Anlagenring,german,walk-init,CHOICE,Continue,,,,
6288720,Anlagenring,german,walk-preference,AB,A,w1,w9,walk,
6288720,Anlagenring,german,walk-preference,AB,A,w61,g4,walk,
1488474,Anlagenring,german,walk-preference,AB,A,w61,w52,walk,
1488474,Anlagenring,german,stay-init,CHOICE,Continue,,,,
1488474,Anlagenring,german,stay-preference,AB,B,s54,s21,stay,
1488474,Anlagenring,german,stay-preference,AB,A,s34,s51,stay,
6288720,Anlagenring,german,walk-preference,AB,A,w8,w27,walk,
6288720,Anlagenring,german,walk-preference,AB,B,w64,w3,walk,
6288720,Anlagenring,german,walk-preference,AB,B,w34,w4,walk,
6288720,Anlagenring,german,stay-init,CHOICE,Continue,,,,
6288720,Anlagenring,german,stay-preference,AB,B,s52,s55,stay,
1488474,Anlagenring,german,stay-preference,AB,=,s12,s36,stay,
6288720,Anlagenring,german,stay-preference,AB,A,s22,s10,stay,
6288720,Anlagenring,german,stay-preference,AB,B,s43,s47,stay,
1488474,Anlagenring,german,stay-preference,AB,B,s53,s29,stay,
6288720,Anlagenring,german,stay-preference,AB,B,s29,s31,stay,
6288720,Anlagenring,german,stay-preference,AB,A,s48,s21,stay,
1488474,Anlagenring,german,stay-preference,AB,B,s18,s26,stay,
6288720,Anlagenring,german,bike-init,CHOICE,Continue,,,,
1488474,Anlagenring,german,bike-init,CHOICE,Continue,,,,
6288720,Anlagenring,german,bike-preference,AB,A,b74,b15,bike,
6288720,Anlagenring,german,bike-preference,AB,B,g17,g18,bike,
1488474,Anlagenring,german,bike-preference,AB,=,b11,g18,bike,
1488474,Anlagenring,german,bike-preference,AB,B,b16,b20,bike,
6288720,Anlagenring,german,bike-preference,AB,A,b63,b59,bike,
6288720,Anlagenring,german,bike-preference,AB,B,b33,g8,bike,
1488474,Anlagenring,german,bike-preference,AB,B,b79,b77,bike,
6288720,Anlagenring,german,bike-preference,AB,A,b3,b80,bike,
1488474,Anlagenring,german,bike-preference,AB,A,b61,g14,bike,
1488474,Anlagenring,german,bike-preference,AB,B,b46,b63,bike,
1488474,Anlagenring,german,walk-init,CHOICE,Continue,,,,
1488474,Anlagenring,german,walk-preference,AB,B,w62,w76,walk,
1488474,Anlagenring,german,walk-preference,AB,B,w28,w24,walk,
1488474,Anlagenring,german,walk-preference,AB,B,g6,w39,walk,
1488474,Anlagenring,german,walk-preference,AB,B,w57,w19,walk,
1488474,Anlagenring,german,walk-preference,AB,A,w1,w65,walk,
1488474,Anlagenring,german,stay-init,CHOICE,Continue,,,,
1488474,Anlagenring,german,stay-preference,AB,A,s20,s24,stay,
1488474,Anlagenring,german,stay-preference,AB,A,s52,s44,stay,
1488474,Anlagenring,german,stay-preference,AB,B,s22,s32,stay,
1488474,Anlagenring,german,stay-preference,AB,A,s2,s15,stay,
1488474,Anlagenring,german,stay-preference,AB,=,s47,s40,stay,
1488474,Anlagenring,german,bike-init,CHOICE,Continue,,,,
1488474,Anlagenring,german,bike-preference,AB,B,b49,b35,bike,
1488474,Anlagenring,german,bike-preference,AB,B,b80,g13,bike,
1488474,Anlagenring,german,bike-preference,AB,A,b53,b76,bike,
1488474,Anlagenring,german,bike-preference,AB,A,b34,b58,bike,
1488474,Anlagenring,german,bike-preference,AB,A,b6,b43,bike,
1488474,Anlagenring,german,walk-init,CHOICE,Continue,,,,
1488474,Anlagenring,german,walk-preference,AB,A,w44,w18,walk,
1488474,Anlagenring,german,walk-preference,AB,B,w27,w63,walk,
1488474,Anlagenring,german,walk-preference,AB,A,w77,w83,walk,
1488474,Anlagenring,german,walk-preference,AB,A,w4,w38,walk,
1488474,Anlagenring,german,walk-preference,AB,B,w43,w60,walk,
1488474,Anlagenring,german,stay-init,CHOICE,Continue,,,,
1488474,Anlagenring,german,stay-preference,AB,B,s19,s55,stay,
1488474,Anlagenring,german,stay-preference,AB,A,s35,s27,stay,
1488474,Anlagenring,german,stay-preference,AB,A,s50,s17,stay,
1488474,Anlagenring,german,stay-preference,AB,A,s37,s6,stay,
1488474,Anlagenring,german,stay-preference,AB,B,s33,s7,stay,
1488474,Anlagenring,german,bike-init,CHOICE,Continue,,,,
1488474,Anlagenring,german,bike-preference,AB,B,b71,b33,bike,
1488474,Anlagenring,german,bike-preference,AB,B,b64,b37,bike,
8731561,Anlagenring,english,start,AB,B,t2,t1,start,
1488474,Anlagenring,german,bike-preference,AB,A,b54,b38,bike,
8731561,Anlagenring,english,walk-init,CHOICE,Continue,,,,
1488474,Anlagenring,german,bike-preference,AB,B,b10,b26,bike,
1488474,Anlagenring,german,bike-preference,AB,A,g9,b78,bike,
8731561,Anlagenring,english,walk-preference,AB,A,w17,w79,walk,
1488474,Anlagenring,german,walk-init,CHOICE,Continue,,,,
1488474,Anlagenring,german,walk-preference,AB,B,w73,w13,walk,
8731561,Anlagenring,english,walk-preference,AB,A,w16,w68,walk,
1488474,Anlagenring,german,walk-preference,AB,A,w15,g2,walk,
1488474,Anlagenring,german,walk-preference,AB,B,w2,w71,walk,
8731561,Anlagenring,english,walk-preference,AB,A,w75,w12,walk,
1488474,Anlagenring,german,walk-preference,AB,A,w48,w12,walk,
8731561,Anlagenring,english,walk-preference,AB,A,w30,w72,walk,
1488474,Anlagenring,german,walk-preference,AB,A,w34,w41,walk,
1488474,Anlagenring,german,stay-init,CHOICE,Continue,,,,
1488474,Anlagenring,german,stay-preference,AB,B,s11,s10,stay,
8731561,Anlagenring,english,walk-preference,AB,A,w41,w28,walk,
1488474,Anlagenring,german,stay-preference,AB,A,s4,s9,stay,
8731561,Anlagenring,english,stay-init,CHOICE,Continue,,,,
1488474,Anlagenring,german,stay-preference,AB,B,s41,s25,stay,
8731561,Anlagenring,english,stay-preference,AB,A,s3,s16,stay,
1488474,Anlagenring,german,stay-preference,AB,B,s30,s3,stay,
8731561,Anlagenring,english,stay-preference,AB,B,s1,s35,stay,
1488474,Anlagenring,german,stay-preference,AB,B,s28,s56,stay,
1488474,Anlagenring,german,bike-init,CHOICE,Continue,,,,
8731561,Anlagenring,english,stay-preference,AB,A,s42,s52,stay,
1488474,Anlagenring,german,bike-preference,AB,B,b56,b70,bike,
1488474,Anlagenring,german,bike-preference,AB,A,b25,b72,bike,
8731561,Anlagenring,english,stay-preference,AB,A,s49,s21,stay,
1488474,Anlagenring,german,bike-preference,AB,B,b69,g15,bike,
1488474,Anlagenring,german,bike-preference,AB,B,b28,b60,bike,
8731561,Anlagenring,english,stay-preference,AB,B,s14,s2,stay,
1488474,Anlagenring,german,bike-preference,AB,B,b3,b5,bike,
8731561,Anlagenring,english,bike-init,CHOICE,Continue,,,,
8731561,Anlagenring,english,bike-preference,AB,A,b24,b56,bike,
8731561,Anlagenring,english,bike-preference,AB,A,b20,b44,bike,
8731561,Anlagenring,english,bike-preference,AB,B,b78,b16,bike,
8731561,Anlagenring,english,bike-preference,AB,A,b65,g13,bike,
8731561,Anlagenring,english,bike-preference,AB,B,b67,b7,bike,
8731561,Anlagenring,english,walk-init,CHOICE,Continue,,,,
8731561,Anlagenring,english,walk-preference,AB,A,w25,w71,walk,
8731561,Anlagenring,english,walk-preference,AB,B,w54,w42,walk,
8731561,Anlagenring,english,walk-preference,AB,B,w49,w20,walk,
8731561,Anlagenring,english,walk-preference,AB,A,w55,g1,walk,
8731561,Anlagenring,english,walk-preference,AB,B,w34,w43,walk,
8731561,Anlagenring,english,stay-init,CHOICE,Continue,,,,
8731561,Anlagenring,english,stay-preference,AB,B,s37,s27,stay,
8731561,Anlagenring,english,stay-preference,AB,B,s23,s28,stay,
8731561,Anlagenring,english,stay-preference,AB,B,s46,s11,stay,
8731561,Anlagenring,english,stay-preference,AB,B,s39,s32,stay,
8731561,Anlagenring,english,stay-preference,AB,B,s50,s9,stay,
8731561,Anlagenring,english,bike-init,CHOICE,Continue,,,,
8731561,Anlagenring,english,bike-preference,AB,B,b3,g9,bike,
8731561,Anlagenring,english,bike-preference,AB,B,b71,b72,bike,
8731561,Anlagenring,english,bike-preference,AB,B,b27,b80,bike,
8731561,Anlagenring,english,bike-preference,AB,B,b79,g12,bike,
8731561,Anlagenring,english,bike-preference,AB,B,b18,b57,bike,
8731561,Anlagenring,english,walk-init,CHOICE,Continue,,,,
8731561,Anlagenring,english,walk-preference,AB,B,w82,w27,walk,
8731561,Anlagenring,english,walk-preference,AB,B,w40,w3,walk,
8731561,Anlagenring,english,walk-preference,AB,B,w63,w26,walk,
8731561,Anlagenring,english,walk-preference,AB,A,w46,w53,walk,
8731561,Anlagenring,english,walk-preference,AB,B,w23,w59,walk,
8731561,Anlagenring,english,stay-init,CHOICE,Continue,,,,
8731561,Anlagenring,english,stay-preference,AB,B,s56,s15,stay,
8731561,Anlagenring,english,stay-preference,AB,B,s29,s34,stay,
8731561,Anlagenring,english,stay-preference,AB,B,s54,s38,stay,
8731561,Anlagenring,english,stay-preference,AB,B,s48,s22,stay,
8731561,Anlagenring,english,stay-preference,AB,B,s4,s40,stay,
8731561,Anlagenring,english,bike-init,CHOICE,Continue,,,,
8731561,Anlagenring,english,bike-preference,AB,B,b62,b76,bike,
8731561,Anlagenring,english,bike-preference,AB,A,b68,b33,bike,
8731561,Anlagenring,english,bike-preference,AB,B,b36,b77,bike,
8731561,Anlagenring,english,bike-preference,AB,B,b32,b31,bike,
8731561,Anlagenring,english,bike-preference,AB,A,b42,b1,bike,
8731561,Anlagenring,english,walk-init,CHOICE,Continue,,,,
8731561,Anlagenring,english,walk-preference,AB,B,g4,w78,walk,
8731561,Anlagenring,english,walk-preference,AB,A,w73,g7,walk,
8731561,Anlagenring,english,walk-preference,AB,B,w15,w24,walk,
8731561,Anlagenring,english,walk-preference,AB,B,w81,w51,walk,
8731561,Anlagenring,english,walk-preference,AB,A,w5,w8,walk,
8731561,Anlagenring,english,stay-init,CHOICE,Continue,,,,
8731561,Anlagenring,english,stay-preference,AB,A,s18,s7,stay,
8731561,Anlagenring,english,stay-preference,AB,A,s31,s8,stay,
8731561,Anlagenring,english,stay-preference,AB,B,s45,s17,stay,
8731561,Anlagenring,english,stay-preference,AB,B,s26,s55,stay,
8731561,Anlagenring,english,stay-preference,AB,A,s53,s44,stay,
8731561,Anlagenring,english,bike-init,CHOICE,Continue,,,,
8731561,Anlagenring,english,bike-preference,AB,B,g10,b13,bike,
8731561,Anlagenring,english,bike-preference,AB,A,b19,b2,bike,
8731561,Anlagenring,english,bike-preference,AB,B,b30,b22,bike,
8731561,Anlagenring,english,bike-preference,AB,A,b49,b21,bike,
8731561,Anlagenring,english,bike-preference,AB,B,b75,b45,bike,
