img_id,path,img_type,scenario,incompatible_ids,_abs_path,_serve_path,_img_source_idx,batch_id,score_start,uncertainty_start,n_answers_start,active_batch_start,score_walk-preference,uncertainty_walk-preference,n_answers_walk-preference,active_batch_walk-preference,score_bike-preference,uncertainty_bike-preference,n_answers_bike-preference,active_batch_bike-preference,score_general-preference,uncertainty_general-preference,n_answers_general-preference,active_batch_general-preference,score_stay-preference,uncertainty_stay-preference,n_answers_stay-preference,active_batch_stay-preference
t1,1.jpg,start,Anlagenring,,/home/miguel/Documents/UNI/Master/2/ProjektVerkehr/survey_app/images/Anlagenring/1.jpg,/images/0/1.jpg,0,1,5.762849838501426,0.14925784381003154,20,1,5.0,0.5,0,1,5.0,0.5,0,1,5.0,0.5,0,1,5.0,0.5,0,1
t2,2.jpg,start,Anlagenring,,/home/miguel/Documents/UNI/Master/2/ProjektVerkehr/survey_app/images/Anlagenring/2.jpg,/images/0/2.jpg,0,1,4.2371501614985725,0.14925784381003154,20,1,5.0,0.5,0,1,5.0,0.5,0,1,5.0,0.5,0,1,5.0,0.5,0,1
w1,Walk/Anlagenring_20260610_181433710.jpg,walk,Anlagenring,,/home/miguel/Documents/UNI/Master/2/ProjektVerkehr/survey_app/images/Anlagenring/Walk/Anlagenring_20260610_181433710.jpg,/images/0/Walk/Anlagenring_20260610_181433710.jpg,0,2,5.0,0.5,0,1,5.314841419645111,0.3319038505031493,3,5,5.0,0.5,0,1,5.0,0.5,0,1,5.0,0.5,0,1
w2,Walk/Anlagenring_20260610_181727007.jpg,walk,Anlagenring,,/home/miguel/Documents/UNI/Master/2/ProjektVerkehr/survey_app/images/Anlagenring/Walk/Anlagenring_20260610_181727007.jpg,/images/0/Walk/Anlagenring_20260610_181727007.jpg,0,2,5.0,0.5,0,1,6.361661718736144,0.28781094210420777,4,5,5.0,0.5,0,1,5.0,0.5,0,1,5.0,0.5,0,1
w3,Walk/Anlagenring_20260610_181908946.jpg,walk,Anlagenring,,/home/miguel/Documents/UNI/Master/2/ProjektVerkehr/survey_app/images/Anlagenring/Walk/Anlagenring_20260610_181908946.jpg,/images/0/Walk/Anlagenring_20260610_181908946.jpg,0,3,5.0,0.5,0,1,5.637807683443717,0.33393577168304706,3,5,5.0,0.5,0,1,5.0,0.5,0,1,5.0,0.5,0,1
w4,Walk/Anlagenring_20260610_181938325.jpg,walk,Anlagenring,,/home/miguel/Documents/UNI/Master/2/ProjektVerkehr/survey_app/images/Anlagenring/Walk/Anlagenring_20260610_181938325.jpg,/images/0/Walk/Anlagenring_20260610_181938325.jpg,0,5,5.0,0.5,0,1,6.728944044951568,0.3420314791206278,2,5,5.0,0.5,0,1,5.0,0.5,0,1,5.0,0.5,0,1
w5,Walk/Anlagenring_20260610_182558647.jpg,walk,Anlagenring,w6,/home/miguel/Documents/UNI/Master/2/ProjektVerkehr/survey_app/images/Anlagenring/Walk/Anlagenring_20260610_182558647.jpg,/images/0/Walk/Anlagenring_20260610_182558647.jpg,0,3,5.0,0.5,0,1,5.698435293072497,0.3306952390869037,3,5,5.0,0.5,0,1,5.0,0.5,0,1,5.0,0.5,0,1
w6,Walk/Anlagenring_20260610_182742074.jpg,walk,Anlagenring,w5,/home/miguel/Documents/UNI/Master/2/ProjektVerkehr/survey_app/images/Anlagenring/Walk/Anlagenring_20260610_182742074.jpg,/images/0/Walk/Anlagenring_20260610_182742074.jpg,0,1,5.0,0.5,0,1,7.055093889002912,0.251349613756984,8,5,5.0,0.5,0,1,5.0,0.5,0,1,5.0,0.5,0,1
w7,Walk/Anlagenring_20260610_182838468.jpg,walk,Anlagenring,,/home/miguel/Documents/UNI/Master/2/ProjektVerkehr/survey_app/images/Anlagenring/Walk/Anlagenring_20260610_182838468.jpg,/images/0/Walk/Anlagenring_20260610_182838468.jpg,0,2,5.0,0.5,0,1,4.666882254248991,0.2813819726853543,5,5,5.0,0.5,0,1,5.0,0.5,0,1,5.0,0.5,0,1
w8,Walk/Anlagenring_20260610_182940336.jpg,walk,Anlagenring,,/home/miguel/Documents/UNI/Master/2/ProjektVerkehr/survey_app/images/Anlagenring/Walk/Anlagenring_20260610_182940336.jpg,/images/0/Walk/Anlagenring_20260610_182940336.jpg,0,3,5.0,0.5,0,1,5.468072822713292,0.2695009914866518,4,5,5.0,0.5,0,1,5.0,0.5,0,1,5.0,0.5,0,1
w9,Walk/Anlagenring_20260610_183057209.jpg,walk,Anlagenring,,/home/miguel/Documents/UNI/Master/2/ProjektVerkehr/survey_app/images/Anlagenring/Walk/Anlagenring_20260610_183057209.jpg,/images/0/Walk/Anlagenring_20260610_183057209.jpg,0,2,5.0,0.5,0,1,5.417221595586999,0.28683749415973336,5,5,5.0,0.5,0,1,5.0,0.5,0,1,5.0,0.5,0,1
w10,Walk/Anlagenring_20260610_183120063.jpg,walk,Anlagenring,,/home/miguel/Documents/UNI/Master/2/ProjektVerkehr/survey_app/images/Anlagenring/Walk/Anlagenring_20260610_183120063.jpg,/images/0/Walk/Anlagenring_20260610_183120063.jpg,0,3,5.0,0.5,0,1,3.6400480511046305,0.36930745770766316,2,5,5.0,0.5,0,1,5.0,0.5,0,1,5.0,0.5,0,1
w11,Walk/Anlagenring_20260610_183409296.jpg,walk,Anlagenring,,/home/miguel/Documents/UNI/Master/2/ProjektVerkehr/survey_app/images/Anlagenring/Walk/Anlagenring_20260610_183409296.jpg,/images/0/Walk/Anlagenring_20260610_183409296.jpg,0,4,5.0,0.5,0,1,5.889211757105209,0.31441987810614136,3,5,5.0,0.5,0,1,5.0,0.5,0,1,5.0,0.5,0,1
w12,Walk/Anlagenring_20260610_183444268.jpg,walk,Anlagenring,,/home/miguel/Documents/UNI/Master/2/ProjektVerkehr/survey_app/images/Anlagenring/Walk/Anlagenring_20260610_183444268.jpg,/images/0/Walk/Anlagenring_20260610_183444268.jpg,0,4,5.0,0.5,0,1,4.590994055437639,0.3273840289061972,3,5,5.0,0.5,0,1,5.0,0.5,0,1,5.0,0.5,0,1
w13,Walk/Anlagenring_20260610_183805109.jpg,walk,Anlagenring,,/home/miguel/Documents/UNI/Master/2/ProjektVerkehr/survey_app/images/Anlagenring/Walk/Anlagenring_20260610_183805109.jpg,/images/0/Walk/Anlagenring_20260610_183805109.jpg,0,1,5.0,0.5,0,1,6.067344815122837,0.29509610881696713,5,5,5.0,0.5,0,1,5.0,0.5,0,1,5.0,0.5,0,1
w14,Walk/Anlagenring_20260610_183946741.jpg,walk,Anlagenring,w15,/home/miguel/Documents/UNI/Master/2/ProjektVerkehr/survey_app/images/Anlagenring/Walk/Anlagenring_20260610_183946741.jpg,/images/0/Walk/Anlagenring_20260610_183946741.jpg,0,3,5.0,0.5,0,1,6.365606717768397,0.30318434302299035,2,5,5.0,0.5,0,1,5.0,0.5,0,1,5.0,0.5,0,1
w15,Walk/Anlagenring_20260610_184053438.jpg,walk,Anlagenring,w14,/home/miguel/Documents/UNI/Master/2/ProjektVerkehr/survey_app/images/Anlagenring/Walk/Anlagenring_20260610_184053438.jpg,/images/0/Walk/Anlagenring_20260610_184053438.jpg,0,2,5.0,0.5,0,1,4.480221743004888,0.29098039512687895,4,5,5.0,0.5,0,1,5.0,0.5,0,1,5.0,0.5,0,1
w16,Walk/Anlagenring_20260610_184334497.jpg,walk,Anlagenring,w17,/home/miguel/Documents/UNI/Master/2/ProjektVerkehr/survey_app/images/Anlagenring/Walk/Anlagenring_20260610_184334497.jpg,/images/0/Walk/Anlagenring_20260610_184334497.jpg,0,1,5.0,0.5,0,1,6.314605673002733,0.30262671124879603,5,5,5.0,0.5,0,1,5.0,0.5,0,1,5.0,0.5,0,1
w17,Walk/Anlagenring_20260610_184424079.jpg,walk,Anlagenring,w16,/home/miguel/Documents/UNI/Master/2/ProjektVerkehr/survey_app/images/Anlagenring/Walk/Anlagenring_20260610_184424079.jpg,/images/0/Walk/Anlagenring_20260610_184424079.jpg,0,2,5.0,0.5,0,1,5.406606543318217,0.25785589699435457,6,5,5.0,0.5,0,1,5.0,0.5,0,1,5.0,0.5,0,1
w18,Walk/Anlagenring_20260610_184508714.jpg,walk,Anlagenring,,/home/miguel/Documents/UNI/Master/2/ProjektVerkehr/survey_app/images/Anlagenring/Walk/Anlagenring_20260610_184508714.jpg,/images/0/Walk/Anlagenring_20260610_184508714.jpg,0,4,5.0,0.5,0,1,6.386750569816319,0.31212089632961426,3,5,5.0,0.5,0,1,5.0,0.5,0,1,5.0,0.5,0,1
w19,Walk/Anlagenring_20260610_184636935.jpg,walk,Anlagenring,,/home/miguel/Documents/UNI/Master/2/ProjektVerkehr/survey_app/images/Anlagenring/Walk/Anlagenring_20260610_184636935.jpg,/images/0/Walk/Anlagenring_20260610_184636935.jpg,0,1,5.0,0.5,0,1,5.15605014622781,0.3549314710962929,3,5,5.0,0.5,0,1,5.0,0.5,0,1,5.0,0.5,0,1
w20,Walk/Anlagenring_20260610_184803495.jpg,walk,Anlagenring,w21,/home/miguel/Documents/UNI/Master/2/ProjektVerkehr/survey_app/images/Anlagenring/Walk/Anlagenring_20260610_184803495.jpg,/images/0/Walk/Anlagenring_20260610_184803495.jpg,0,4,5.0,0.5,0,1,6.086291341394698,0.2696867740702444,4,5,5.0,0.5,0,1,5.0,0.5,0,1,5.0,0.5,0,1
w21,Walk/Anlagenring_20260610_184900185.jpg,walk,Anlagenring,w20,/home/miguel/Documents/UNI/Master/2/ProjektVerkehr/survey_app/images/Anlagenring/Walk/Anlagenring_20260610_184900185.jpg,/images/0/Walk/Anlagenring_20260610_184900185.jpg,0,4,5.0,0.5,0,1,6.265477581086392,0.3147210873589523,3,5,5.0,0.5,0,1,5.0,0.5,0,1,5.0,0.5,0,1
w22,Walk/Anlagenring_20260610_185005695.jpg,walk,Anlagenring,,/home/miguel/Documents/UNI/Master/2/ProjektVerkehr/survey_app/images/Anlagenring/Walk/Anlagenring_20260610_185005695.jpg,/images/0/Walk/Anlagenring_20260610_185005695.jpg,0,4,5.0,0.5,0,1,7.572536138600478,0.31005472848252047,3,5,5.0,0.5,0,1,5.0,0.5,0,1,5.0,0.5,0,1
w23,Walk/Anlagenring_20260610_185112353.jpg,walk,Anlagenring,,/home/miguel/Documents/UNI/Master/2/ProjektVerkehr/survey_app/images/Anlagenring/Walk/Anlagenring_20260610_185112353.jpg,/images/0/Walk/Anlagenring_20260610_185112353.jpg,0,3,5.0,0.5,0,1,5.839073929088309,0.3029227776422322,4,5,5.0,0.5,0,1,5.0,0.5,0,1,5.0,0.5,0,1
w24,Walk/Anlagenring_20260610_185212092.jpg,walk,Anlagenring,,/home/miguel/Documents/UNI/Master/2/ProjektVerkehr/survey_app/images/Anlagenring/Walk/Anlagenring_20260610_185212092.jpg,/images/0/Walk/Anlagenring_20260610_185212092.jpg,0,1,5.0,0.5,0,1,4.555264177337483,0.2944347838907119,5,5,5.0,0.5,0,1,5.0,0.5,0,1,5.0,0.5,0,1
w25,Walk/Anlagenring_20260610_185611028.jpg,walk,Anlagenring,,/home/miguel/Documents/UNI/Master/2/ProjektVerkehr/survey_app/images/Anlagenring/Walk/Anlagenring_20260610_185611028.jpg,/images/0/Walk/Anlagenring_20260610_185611028.jpg,0,1,5.0,0.5,0,1,2.9640699756310784,0.3335685125936919,4,5,5.0,0.5,0,1,5.0,0.5,0,1,5.0,0.5,0,1
w26,Walk/Anlagenring_20260610_185718181.jpg,walk,Anlagenring,,/home/miguel/Documents/UNI/Master/2/ProjektVerkehr/survey_app/images/Anlagenring/Walk/Anlagenring_20260610_185718181.jpg,/images/0/Walk/Anlagenring_20260610_185718181.jpg,0,4,5.0,0.5,0,1,2.808164858778413,0.32012400405068375,3,5,5.0,0.5,0,1,5.0,0.5,0,1,5.0,0.5,0,1
w27,Walk/Anlagenring_20260610_185916511.jpg,walk,Anlagenring,,/home/miguel/Documents/UNI/Master/2/ProjektVerkehr/survey_app/images/Anlagenring/Walk/Anlagenring_20260610_185916511.jpg,/images/0/Walk/Anlagenring_20260610_185916511.jpg,0,1,5.0,0.5,0,1,3.3029519398953355,0.33298891386366997,4,5,5.0,0.5,0,1,5.0,0.5,0,1,5.0,0.5,0,1
w28,Walk/Anlagenring_20260610_190020172.jpg,walk,Anlagenring,w29,/home/miguel/Documents/UNI/Master/2/ProjektVerkehr/survey_app/images/Anlagenring/Walk/Anlagenring_20260610_190020172.jpg,/images/0/Walk/Anlagenring_20260610_190020172.jpg,0,4,5.0,0.5,0,1,4.889560379142804,0.3635573214910894,2,5,5.0,0.5,0,1,5.0,0.5,0,1,5.0,0.5,0,1
w29,Walk/Anlagenring_20260610_190107324.jpg,walk,Anlagenring,w28,/home/miguel/Documents/UNI/Master/2/ProjektVerkehr/survey_app/images/Anlagenring/Walk/Anlagenring_20260610_190107324.jpg,/images/0/Walk/Anlagenring_20260610_190107324.jpg,0,2,5.0,0.5,0,1,6.854638165809834,0.3413114585485869,3,5,5.0,0.5,0,1,5.0,0.5,0,1,5.0,0.5,0,1
w30,Walk/Anlagenring_20260610_190131458.jpg,walk,Anlagenring,,/home/miguel/Documents/UNI/Master/2/ProjektVerkehr/survey_app/images/Anlagenring/Walk/Anlagenring_20260610_190131458.jpg,/images/0/Walk/Anlagenring_20260610_190131458.jpg,0,3,5.0,0.5,0,1,3.622557614774741,0.4019655133800158,1,5,5.0,0.5,0,1,5.0,0.5,0,1,5.0,0.5,0,1
w31,Walk/Anlagenring_20260610_190313835.jpg,walk,Anlagenring,,/home/miguel/Documents/UNI/Master/2/ProjektVerkehr/survey_app/images/Anlagenring/Walk/Anlagenring_20260610_190313835.jpg,/images/0/Walk/Anlagenring_20260610_190313835.jpg,0,2,5.0,0.5,0,1,5.817513537863084,0.25503661343746986,5,5,5.0,0.5,0,1,5.0,0.5,0,1,5.0,0.5,0,1
w32,Walk/Anlagenring_20260610_190400330.jpg,walk,Anlagenring,,/home/miguel/Documents/UNI/Master/2/ProjektVerkehr/survey_app/images/Anlagenring/Walk/Anlagenring_20260610_190400330.jpg,/images/0/Walk/Anlagenring_20260610_190400330.jpg,0,2,5.0,0.5,0,1,4.886999957794131,0.2996076514783511,4,5,5.0,0.5,0,1,5.0,0.5,0,1,5.0,0.5,0,1
w33,Walk/Anlagenring_20260610_190701348.jpg,walk,Anlagenring,,/home/miguel/Documents/UNI/Master/2/ProjektVerkehr/survey_app/images/Anlagenring/Walk/Anlagenring_20260610_190701348.jpg,/images/0/Walk/Anlagenring_20260610_190701348.jpg,0,1,5.0,0.5,0,1,4.204233185481379,0.32032055876571575,4,5,5.0,0.5,0,1,5.0,0.5,0,1,5.0,0.5,0,1
w34,Walk/Anlagenring_20260610_190726317.jpg,walk,Anlagenring,,/home/miguel/Documents/UNI/Master/2/ProjektVerkehr/survey_app/images/Anlagenring/Walk/Anlagenring_20260610_190726317.jpg,/images/0/Walk/Anlagenring_20260610_190726317.jpg,0,2,5.0,0.5,0,1,3.5602653825918913,0.3757073807791037,2,5,5.0,0.5,0,1,5.0,0.5,0,1,5.0,0.5,0,1
w35,Walk/Anlagenring_20260610_190819053.jpg,walk,Anlagenring,w36,/home/miguel/Documents/UNI/Master/2/ProjektVerkehr/survey_app/images/Anlagenring/Walk/Anlagenring_20260610_190819053.jpg,/images/0/Walk/Anlagenring_20260610_190819053.jpg,0,1,5.0,0.5,0,1,4.144127642193631,0.3204882606263687,4,5,5.0,0.5,0,1,5.0,0.5,0,1,5.0,0.5,0,1
w36,Walk/Anlagenring_20260610_190900914.jpg,walk,Anlagenring,w35,/home/miguel/Documents/UNI/Master/2/ProjektVerkehr/survey_app/images/Anlagenring/Walk/Anlagenring_20260610_190900914.jpg,/images/0/Walk/Anlagenring_20260610_190900914.jpg,0,4,5.0,0.5,0,1,4.922781373001557,0.3655271852979461,2,5,5.0,0.5,0,1,5.0,0.5,0,1,5.0,0.5,0,1
w37,Walk/Anlagenring_20260610_191009709.jpg,walk,Anlagenring,,/home/miguel/Documents/UNI/Master/2/ProjektVerkehr/survey_app/images/Anlagenring/Walk/Anlagenring_20260610_191009709.jpg,/images/0/Walk/Anlagenring_20260610_191009709.jpg,0,4,5.0,0.5,0,1,4.584841448963783,0.26764671804090934,4,5,5.0,0.5,0,1,5.0,0.5,0,1,5.0,0.5,0,1
w38,Walk/Anlagenring_20260610_191200939.jpg,walk,Anlagenring,,/home/miguel/Documents/UNI/Master/2/ProjektVerkehr/survey_app/images/Anlagenring/Walk/Anlagenring_20260610_191200939.jpg,/images/0/Walk/Anlagenring_20260610_191200939.jpg,0,3,5.0,0.5,0,1,7.04851642375951,0.32388795460191744,3,5,5.0,0.5,0,1,5.0,0.5,0,1,5.0,0.5,0,1
w39,Walk/Anlagenring_20260610_191317880.jpg,walk,Anlagenring,,/home/miguel/Documents/UNI/Master/2/ProjektVerkehr/survey_app/images/Anlagenring/Walk/Anlagenring_20260610_191317880.jpg,/images/0/Walk/Anlagenring_20260610_191317880.jpg,0,3,5.0,0.5,0,1,7.0598222855101955,0.2646668359699543,4,5,5.0,0.5,0,1,5.0,0.5,0,1,5.0,0.5,0,1
w40,Walk/Anlagenring_20260610_191424555.jpg,walk,Anlagenring,,/home/miguel/Documents/UNI/Master/2/ProjektVerkehr/survey_app/images/Anlagenring/Walk/Anlagenring_20260610_191424555.jpg,/images/0/Walk/Anlagenring_20260610_191424555.jpg,0,4,5.0,0.5,0,1,5.204723299423838,0.36084211482724027,2,5,5.0,0.5,0,1,5.0,0.5,0,1,5.0,0.5,0,1
w41,Walk/Anlagenring_20260610_192139719.jpg,walk,Anlagenring,,/home/miguel/Documents/UNI/Master/2/ProjektVerkehr/survey_app/images/Anlagenring/Walk/Anlagenring_20260610_192139719.jpg,/images/0/Walk/Anlagenring_20260610_192139719.jpg,0,5,5.0,0.5,0,1,4.650381549715878,0.34832156462897157,2,5,5.0,0.5,0,1,5.0,0.5,0,1,5.0,0.5,0,1
w42,Walk/Anlagenring_20260610_192411849.jpg,walk,Anlagenring,w43,/home/miguel/Documents/UNI/Master/2/ProjektVerkehr/survey_app/images/Anlagenring/Walk/Anlagenring_20260610_192411849.jpg,/images/0/Walk/Anlagenring_20260610_192411849.jpg,0,4,5.0,0.5,0,1,6.2473710831503,0.2924774380496841,3,5,5.0,0.5,0,1,5.0,0.5,0,1,5.0,0.5,0,1
w43,Walk/Anlagenring_20260610_192649201.jpg,walk,Anlagenring,w42,/home/miguel/Documents/UNI/Master/2/ProjektVerkehr/survey_app/images/Anlagenring/Walk/Anlagenring_20260610_192649201.jpg,/images/0/Walk/Anlagenring_20260610_192649201.jpg,0,5,5.0,0.5,0,1,6.3842511305611005,0.3731299603747956,2,5,5.0,0.5,0,1,5.0,0.5,0,1,5.0,0.5,0,1
w44,Walk/Anlagenring_20260610_192950472.jpg,walk,Anlagenring,w45,/home/miguel/Documents/UNI/Master/2/ProjektVerkehr/survey_app/images/Anlagenring/Walk/Anlagenring_20260610_192950472.jpg,/images/0/Walk/Anlagenring_20260610_192950472.jpg,0,1,5.0,0.5,0,1,6.1709508755434275,0.274474058824566,7,5,5.0,0.5,0,1,5.0,0.5,0,1,5.0,0.5,0,1
w45,Walk/Anlagenring_20260610_193219468.jpg,walk,Anlagenring,w44,/home/miguel/Documents/UNI/Master/2/ProjektVerkehr/survey_app/images/Anlagenring/Walk/Anlagenring_20260610_193219468.jpg,/images/0/Walk/Anlagenring_20260610_193219468.jpg,0,3,5.0,0.5,0,1,4.188637477973975,0.31656772043372244,3,5,5.0,0.5,0,1,5.0,0.5,0,1,5.0,0.5,0,1
w46,Walk/Anlagenring_20260610_193319133.jpg,walk,Anlagenring,,/home/miguel/Documents/UNI/Master/2/ProjektVerkehr/survey_app/images/Anlagenring/Walk/Anlagenring_20260610_193319133.jpg,/images/0/Walk/Anlagenring_20260610_193319133.jpg,0,3,5.0,0.5,0,1,6.1823629089533325,0.2743247606707602,3,5,5.0,0.5,0,1,5.0,0.5,0,1,5.0,0.5,0,1
w47,Walk/Anlagenring_20260610_193526471.jpg,walk,Anlagenring,,/home/miguel/Documents/UNI/Master/2/ProjektVerkehr/survey_app/images/Anlagenring/Walk/Anlagenring_20260610_193526471.jpg,/images/0/Walk/Anlagenring_20260610_193526471.jpg,0,5,5.0,0.5,0,1,6.749548719104842,0.3031201143720385,2,5,5.0,0.5,0,1,5.0,0.5,0,1,5.0,0.5,0,1
w48,Walk/Anlagenring_20260610_193645847.jpg,walk,Anlagenring,,/home/miguel/Documents/UNI/Master/2/ProjektVerkehr/survey_app/images/Anlagenring/Walk/Anlagenring_20260610_193645847.jpg,/images/0/Walk/Anlagenring_20260610_193645847.jpg,0,3,5.0,0.5,0,1,4.530551688591281,0.315427156982701,2,5,5.0,0.5,0,1,5.0,0.5,0,1,5.0,0.5,0,1
w49,Walk/Anlagenring_20260610_193739746.jpg,walk,Anlagenring,,/home/miguel/Documents/UNI/Master/2/ProjektVerkehr/survey_app/images/Anlagenring/Walk/Anlagenring_20260610_193739746.jpg,/images/0/Walk/Anlagenring_20260610_193739746.jpg,0,4,5.0,0.5,0,1,3.899643928526417,0.37586280656000076,2,5,5.0,0.5,0,1,5.0,0.5,0,1,5.0,0.5,0,1
w50,Walk/Anlagenring_20260610_193815546.jpg,walk,Anlagenring,,/home/miguel/Documents/UNI/Master/2/ProjektVerkehr/survey_app/images/Anlagenring/Walk/Anlagenring_20260610_193815546.jpg,/images/0/Walk/Anlagenring_20260610_193815546.jpg,0,1,5.0,0.5,0,1,7.081528937025517,0.24692478628259557,8,5,5.0,0.5,0,1,5.0,0.5,0,1,5.0,0.5,0,1
w51,Walk/Anlagenring_20260610_194104433.jpg,walk,Anlagenring,,/home/miguel/Documents/UNI/Master/2/ProjektVerkehr/survey_app/images/Anlagenring/Walk/Anlagenring_20260610_194104433.jpg,/images/0/Walk/Anlagenring_20260610_194104433.jpg,0,4,5.0,0.5,0,1,5.985036963264438,0.3096024362542896,3,5,5.0,0.5,0,1,5.0,0.5,0,1,5.0,0.5,0,1
w52,Walk/Anlagenring_20260610_194535579.jpg,walk,Anlagenring,,/home/miguel/Documents/UNI/Master/2/ProjektVerkehr/survey_app/images/Anlagenring/Walk/Anlagenring_20260610_194535579.jpg,/images/0/Walk/Anlagenring_20260610_194535579.jpg,0,1,5.0,0.5,0,1,2.9473180460783786,0.32352103943927213,5,5,5.0,0.5,0,1,5.0,0.5,0,1,5.0,0.5,0,1
w53,Walk/Anlagenring_20260610_194634058.jpg,walk,Anlagenring,,/home/miguel/Documents/UNI/Master/2/ProjektVerkehr/survey_app/images/Anlagenring/Walk/Anlagenring_20260610_194634058.jpg,/images/0/Walk/Anlagenring_20260610_194634058.jpg,0,5,5.0,0.5,0,1,6.279623845613628,0.3953491569745367,1,5,5.0,0.5,0,1,5.0,0.5,0,1,5.0,0.5,0,1
w54,Walk/Anlagenring_20260610_194800019.jpg,walk,Anlagenring,,/home/miguel/Documents/UNI/Master/2/ProjektVerkehr/survey_app/images/Anlagenring/Walk/Anlagenring_20260610_194800019.jpg,/images/0/Walk/Anlagenring_20260610_194800019.jpg,0,2,5.0,0.5,0,1,5.373266807181269,0.29153326616915753,5,5,5.0,0.5,0,1,5.0,0.5,0,1,5.0,0.5,0,1
w55,Walk/Anlagenring_20260610_194931268.jpg,walk,Anlagenring,,/home/miguel/Documents/UNI/Master/2/ProjektVerkehr/survey_app/images/Anlagenring/Walk/Anlagenring_20260610_194931268.jpg,/images/0/Walk/Anlagenring_20260610_194931268.jpg,0,1,5.0,0.5,0,1,5.491222376211491,0.275652441012457,4,5,5.0,0.5,0,1,5.0,0.5,0,1,5.0,0.5,0,1
w56,Walk/Anlagenring_20260610_195007357.jpg,walk,Anlagenring,,/home/miguel/Documents/UNI/Master/2/ProjektVerkehr/survey_app/images/Anlagenring/Walk/Anlagenring_20260610_195007357.jpg,/images/0/Walk/Anlagenring_20260610_195007357.jpg,0,3,5.0,0.5,0,1,3.2259278870571273,0.352620548743412,2,5,5.0,0.5,0,1,5.0,0.5,0,1,5.0,0.5,0,1
w57,Walk/Anlagenring_20260610_195228146.jpg,walk,Anlagenring,,/home/miguel/Documents/UNI/Master/2/ProjektVerkehr/survey_app/images/Anlagenring/Walk/Anlagenring_20260610_195228146.jpg,/images/0/Walk/Anlagenring_20260610_195228146.jpg,0,5,5.0,0.5,0,1,6.116048818865172,0.30690428637617745,3,5,5.0,0.5,0,1,5.0,0.5,0,1,5.0,0.5,0,1
w58,Walk/Anlagenring_20260610_195656507.jpg,walk,Anlagenring,,/home/miguel/Documents/UNI/Master/2/ProjektVerkehr/survey_app/images/Anlagenring/Walk/Anlagenring_20260610_195656507.jpg,/images/0/Walk/Anlagenring_20260610_195656507.jpg,0,2,5.0,0.5,0,1,6.000202279087966,0.2663329122871191,6,5,5.0,0.5,0,1,5.0,0.5,0,1,5.0,0.5,0,1
w59,Walk/Anlagenring_20260610_195751310.jpg,walk,Anlagenring,,/home/miguel/Documents/UNI/Master/2/ProjektVerkehr/survey_app/images/Anlagenring/Walk/Anlagenring_20260610_195751310.jpg,/images/0/Walk/Anlagenring_20260610_195751310.jpg,0,1,5.0,0.5,0,1,6.968799916727955,0.3156399964307003,5,5,5.0,0.5,0,1,5.0,0.5,0,1,5.0,0.5,0,1
w60,Walk/Anlagenring_20260610_200120852.jpg,walk,Anlagenring,,/home/miguel/Documents/UNI/Master/2/ProjektVerkehr/survey_app/images/Anlagenring/Walk/Anlagenring_20260610_200120852.jpg,/images/0/Walk/Anlagenring_20260610_200120852.jpg,0,5,5.0,0.5,0,1,5.8556215652304,0.33283654902311266,2,5,5.0,0.5,0,1,5.0,0.5,0,1,5.0,0.5,0,1
w61,Walk/Anlagenring_20260610_200145610.jpg,walk,Anlagenring,,/home/miguel/Documents/UNI/Master/2/ProjektVerkehr/survey_app/images/Anlagenring/Walk/Anlagenring_20260610_200145610.jpg,/images/0/Walk/Anlagenring_20260610_200145610.jpg,0,2,5.0,0.5,0,1,3.8798251716147982,0.31204716374431374,4,5,5.0,0.5,0,1,5.0,0.5,0,1,5.0,0.5,0,1
w62,Walk/Anlagenring_20260610_200300497.jpg,walk,Anlagenring,,/home/miguel/Documents/UNI/Master/2/ProjektVerkehr/survey_app/images/Anlagenring/Walk/Anlagenring_20260610_200300497.jpg,/images/0/Walk/Anlagenring_20260610_200300497.jpg,0,3,5.0,0.5,0,1,4.884751953616783,0.28204653262409146,4,5,5.0,0.5,0,1,5.0,0.5,0,1,5.0,0.5,0,1
w63,Walk/Anlagenring_20260610_200327772.jpg,walk,Anlagenring,,/home/miguel/Documents/UNI/Master/2/ProjektVerkehr/survey_app/images/Anlagenring/Walk/Anlagenring_20260610_200327772.jpg,/images/0/Walk/Anlagenring_20260610_200327772.jpg,0,3,5.0,0.5,0,1,3.870618625967952,0.2979879680143626,3,5,5.0,0.5,0,1,5.0,0.5,0,1,5.0,0.5,0,1
w64,Walk/Anlagenring_20260610_200542156.jpg,walk,Anlagenring,,/home/miguel/Documents/UNI/Master/2/ProjektVerkehr/survey_app/images/Anlagenring/Walk/Anlagenring_20260610_200542156.jpg,/images/0/Walk/Anlagenring_20260610_200542156.jpg,0,3,5.0,0.5,0,1,2.9232662308665716,0.33092849618387754,3,5,5.0,0.5,0,1,5.0,0.5,0,1,5.0,0.5,0,1
w65,Walk/Anlagenring_20260610_200707017.jpg,walk,Anlagenring,,/home/miguel/Documents/UNI/Master/2/ProjektVerkehr/survey_app/images/Anlagenring/Walk/Anlagenring_20260610_200707017.jpg,/images/0/Walk/Anlagenring_20260610_200707017.jpg,0,1,5.0,0.5,0,1,6.970412201729298,0.2702586942407331,6,5,5.0,0.5,0,1,5.0,0.5,0,1,5.0,0.5,0,1
w66,Walk/Anlagenring_20260610_200826907.jpg,walk,Anlagenring,,/home/miguel/Documents/UNI/Master/2/ProjektVerkehr/survey_app/images/Anlagenring/Walk/Anlagenring_20260610_200826907.jpg,/images/0/Walk/Anlagenring_20260610_200826907.jpg,0,4,5.0,0.5,0,1,5.249266145812873,0.30511278194322194,2,5,5.0,0.5,0,1,5.0,0.5,0,1,5.0,0.5,0,1
w67,Walk/Anlagenring_20260610_201149423.jpg,walk,Anlagenring,w68,/home/miguel/Documents/UNI/Master/2/ProjektVerkehr/survey_app/images/Anlagenring/Walk/Anlagenring_20260610_201149423.jpg,/images/0/Walk/Anlagenring_20260610_201149423.jpg,0,2,5.0,0.5,0,1,3.402308147800132,0.34073751197210417,4,5,5.0,0.5,0,1,5.0,0.5,0,1,5.0,0.5,0,1
w68,Walk/Anlagenring_20260610_201211935.jpg,walk,Anlagenring,w67,/home/miguel/Documents/UNI/Master/2/ProjektVerkehr/survey_app/images/Anlagenring/Walk/Anlagenring_20260610_201211935.jpg,/images/0/Walk/Anlagenring_20260610_201211935.jpg,0,5,5.0,0.5,0,1,4.142449619257858,0.41732591259213203,1,5,5.0,0.5,0,1,5.0,0.5,0,1,5.0,0.5,0,1
w69,Walk/Anlagenring_20260610_201245414.jpg,walk,Anlagenring,,/home/miguel/Documents/UNI/Master/2/ProjektVerkehr/survey_app/images/Anlagenring/Walk/Anlagenring_20260610_201245414.jpg,/images/0/Walk/Anlagenring_20260610_201245414.jpg,0,1,5.0,0.5,0,1,4.748364153948452,0.21778795081561864,10,5,5.0,0.5,0,1,5.0,0.5,0,1,5.0,0.5,0,1
w70,Walk/Anlagenring_20260610_201405131.jpg,walk,Anlagenring,,/home/miguel/Documents/UNI/Master/2/ProjektVerkehr/survey_app/images/Anlagenring/Walk/Anlagenring_20260610_201405131.jpg,/images/0/Walk/Anlagenring_20260610_201405131.jpg,0,5,5.0,0.5,0,1,6.564260281619052,0.38259013512208206,1,5,5.0,0.5,0,1,5.0,0.5,0,1,5.0,0.5,0,1
w71,Walk/Anlagenring_20260610_201501458.jpg,walk,Anlagenring,,/home/miguel/Documents/UNI/Master/2/ProjektVerkehr/survey_app/images/Anlagenring/Walk/Anlagenring_20260610_201501458.jpg,/images/0/Walk/Anlagenring_20260610_201501458.jpg,0,4,5.0,0.5,0,1,4.280820800176368,0.35786746493992705,1,5,5.0,0.5,0,1,5.0,0.5,0,1,5.0,0.5,0,1
w72,Walk/Anlagenring_20260610_201654552.jpg,walk,Anlagenring,w73,/home/miguel/Documents/UNI/Master/2/ProjektVerkehr/survey_app/images/Anlagenring/Walk/Anlagenring_20260610_201654552.jpg,/images/0/Walk/Anlagenring_20260610_201654552.jpg,0,3,5.0,0.5,0,1,4.5599140924215025,0.37344162440366574,2,5,5.0,0.5,0,1,5.0,0.5,0,1,5.0,0.5,0,1
w73,Walk/Anlagenring_20260610_201721056.jpg,walk,Anlagenring,w72,/home/miguel/Documents/UNI/Master/2/ProjektVerkehr/survey_app/images/Anlagenring/Walk/Anlagenring_20260610_201721056.jpg,/images/0/Walk/Anlagenring_20260610_201721056.jpg,0,3,5.0,0.5,0,1,5.6357857838639465,0.3339191178627558,3,5,5.0,0.5,0,1,5.0,0.5,0,1,5.0,0.5,0,1
w74,Walk/Anlagenring_20260610_201808871.jpg,walk,Anlagenring,,/home/miguel/Documents/UNI/Master/2/ProjektVerkehr/survey_app/images/Anlagenring/Walk/Anlagenring_20260610_201808871.jpg,/images/0/Walk/Anlagenring_20260610_201808871.jpg,0,2,5.0,0.5,0,1,5.516521068434184,0.28332036961082985,5,5,5.0,0.5,0,1,5.0,0.5,0,1,5.0,0.5,0,1
w75,Walk/Anlagenring_20260610_201933087.jpg,walk,Anlagenring,,/home/miguel/Documents/UNI/Master/2/ProjektVerkehr/survey_app/images/Anlagenring/Walk/Anlagenring_20260610_201933087.jpg,/images/0/Walk/Anlagenring_20260610_201933087.jpg,0,2,5.0,0.5,0,1,6.187651015564924,0.2944372414885469,4,5,5.0,0.5,0,1,5.0,0.5,0,1,5.0,0.5,0,1
w76,Walk/Anlagenring_20260610_202033739.jpg,walk,Anlagenring,w77,/home/miguel/Documents/UNI/Master/2/ProjektVerkehr/survey_app/images/Anlagenring/Walk/Anlagenring_20260610_202033739.jpg,/images/0/Walk/Anlagenring_20260610_202033739.jpg,0,3,5.0,0.5,0,1,5.151033887271922,0.29734429720795463,4,5,5.0,0.5,0,1,5.0,0.5,0,1,5.0,0.5,0,1
w77,Walk/Anlagenring_20260610_202118609.jpg,walk,Anlagenring,w76,/home/miguel/Documents/UNI/Master/2/ProjektVerkehr/survey_app/images/Anlagenring/Walk/Anlagenring_20260610_202118609.jpg,/images/0/Walk/Anlagenring_20260610_202118609.jpg,0,2,5.0,0.5,0,1,3.4568497808662237,0.2924140547703725,4,5,5.0,0.5,0,1,5.0,0.5,0,1,5.0,0.5,0,1
w78,Walk/Anlagenring_20260610_202212764.jpg,walk,Anlagenring,,/home/miguel/Documents/UNI/Master/2/ProjektVerkehr/survey_app/images/Anlagenring/Walk/Anlagenring_20260610_202212764.jpg,/images/0/Walk/Anlagenring_20260610_202212764.jpg,0,4,5.0,0.5,0,1,3.5411394549858586,0.35539261377218145,2,5,5.0,0.5,0,1,5.0,0.5,0,1,5.0,0.5,0,1
w79,Walk/Anlagenring_20260610_202248742.jpg,walk,Anlagenring,,/home/miguel/Documents/UNI/Master/2/ProjektVerkehr/survey_app/images/Anlagenring/Walk/Anlagenring_20260610_202248742.jpg,/images/0/Walk/Anlagenring_20260610_202248742.jpg,0,4,5.0,0.5,0,1,5.862130769772831,0.3126967758980922,3,5,5.0,0.5,0,1,5.0,0.5,0,1,5.0,0.5,0,1
w80,Walk/Anlagenring_20260610_202328948.jpg,walk,Anlagenring,,/home/miguel/Documents/UNI/Master/2/ProjektVerkehr/survey_app/images/Anlagenring/Walk/Anlagenring_20260610_202328948.jpg,/images/0/Walk/Anlagenring_20260610_202328948.jpg,0,4,5.0,0.5,0,1,4.323755108417738,0.3298390682300695,3,5,5.0,0.5,0,1,5.0,0.5,0,1,5.0,0.5,0,1
w81,Walk/Anlagenring_20260610_202457753.jpg,walk,Anlagenring,,/home/miguel/Documents/UNI/Master/2/ProjektVerkehr/survey_app/images/Anlagenring/Walk/Anlagenring_20260610_202457753.jpg,/images/0/Walk/Anlagenring_20260610_202457753.jpg,0,2,5.0,0.5,0,1,3.305928150954133,0.25612640977936846,7,5,5.0,0.5,0,1,5.0,0.5,0,1,5.0,0.5,0,1
w82,Walk/Anlagenring_20260610_202516461.jpg,walk,Anlagenring,,/home/miguel/Documents/UNI/Master/2/ProjektVerkehr/survey_app/images/Anlagenring/Walk/Anlagenring_20260610_202516461.jpg,/images/0/Walk/Anlagenring_20260610_202516461.jpg,0,1,5.0,0.5,0,1,3.454901496636667,0.2834291800476817,6,5,5.0,0.5,0,1,5.0,0.5,0,1,5.0,0.5,0,1
w83,Walk/Anlagenring_20260610_202711112.jpg,walk,Anlagenring,,/home/miguel/Documents/UNI/Master/2/ProjektVerkehr/survey_app/images/Anlagenring/Walk/Anlagenring_20260610_202711112.jpg,/images/0/Walk/Anlagenring_20260610_202711112.jpg,0,1,5.0,0.5,0,1,3.018266528972089,0.3197492899091825,5,5,5.0,0.5,0,1,5.0,0.5,0,1,5.0,0.5,0,1
w84,Walk/Anlagenring_20260610_202843418.jpg,walk,Anlagenring,,/home/miguel/Documents/UNI/Master/2/ProjektVerkehr/survey_app/images/Anlagenring/Walk/Anlagenring_20260610_202843418.jpg,/images/0/Walk/Anlagenring_20260610_202843418.jpg,0,3,5.0,0.5,0,1,3.255606865026229,0.2716011493723526,5,5,5.0,0.5,0,1,5.0,0.5,0,1,5.0,0.5,0,1
b1,Bike/Anlagenring_20260610_181516629.jpg,bike,Anlagenring,b2,/home/miguel/Documents/UNI/Master/2/ProjektVerkehr/survey_app/images/Anlagenring/Bike/Anlagenring_20260610_181516629.jpg,/images/0/Bike/Anlagenring_20260610_181516629.jpg,0,3,5.0,0.5,0,1,5.0,0.5,0,1,4.686318821012727,0.2872479772416639,3,5,5.0,0.5,0,1,5.0,0.5,0,1
b2,Bike/Anlagenring_20260610_181614450.jpg,bike,Anlagenring,b1,/home/miguel/Documents/UNI/Master/2/ProjektVerkehr/survey_app/images/Anlagenring/Bike/Anlagenring_20260610_181614450.jpg,/images/0/Bike/Anlagenring_20260610_181614450.jpg,0,3,5.0,0.5,0,1,5.0,0.5,0,1,3.846068366285551,0.3778518810481147,2,5,5.0,0.5,0,1,5.0,0.5,0,1
b3,Bike/Anlagenring_20260610_181727007.jpg,bike,Anlagenring,,/home/miguel/Documents/UNI/Master/2/ProjektVerkehr/survey_app/images/Anlagenring/Bike/Anlagenring_20260610_181727007.jpg,/images/0/Bike/Anlagenring_20260610_181727007.jpg,0,3,5.0,0.5,0,1,5.0,0.5,0,1,3.9951016875658913,0.31650690295221434,3,5,5.0,0.5,0,1,5.0,0.5,0,1
b4,Bike/Anlagenring_20260610_181908946.jpg,bike,Anlagenring,,/home/miguel/Documents/UNI/Master/2/ProjektVerkehr/survey_app/images/Anlagenring/Bike/Anlagenring_20260610_181908946.jpg,/images/0/Bike/Anlagenring_20260610_181908946.jpg,0,1,5.0,0.5,0,1,5.0,0.5,0,1,6.153355188974406,0.26710101144863724,6,5,5.0,0.5,0,1,5.0,0.5,0,1
b5,Bike/Anlagenring_20260610_182558647.jpg,bike,Anlagenring,b6,/home/miguel/Documents/UNI/Master/2/ProjektVerkehr/survey_app/images/Anlagenring/Bike/Anlagenring_20260610_182558647.jpg,/images/0/Bike/Anlagenring_20260610_182558647.jpg,0,1,5.0,0.5,0,1,5.0,0.5,0,1,5.755670479425999,0.3337118647545872,3,5,5.0,0.5,0,1,5.0,0.5,0,1
b6,Bike/Anlagenring_20260610_182742074.jpg,bike,Anlagenring,b5,/home/miguel/Documents/UNI/Master/2/ProjektVerkehr/survey_app/images/Anlagenring/Bike/Anlagenring_20260610_182742074.jpg,/images/0/Bike/Anlagenring_20260610_182742074.jpg,0,1,5.0,0.5,0,1,5.0,0.5,0,1,5.884997316786841,0.2711738592758254,6,5,5.0,0.5,0,1,5.0,0.5,0,1
b7,Bike/Anlagenring_20260610_182838468.jpg,bike,Anlagenring,,/home/miguel/Documents/UNI/Master/2/ProjektVerkehr/survey_app/images/Anlagenring/Bike/Anlagenring_20260610_182838468.jpg,/images/0/Bike/Anlagenring_20260610_182838468.jpg,0,1,5.0,0.5,0,1,5.0,0.5,0,1,3.3579837413571587,0.2854583304681294,6,5,5.0,0.5,0,1,5.0,0.5,0,1
b8,Bike/Anlagenring_20260610_182940336.jpg,bike,Anlagenring,b10,/home/miguel/Documents/UNI/Master/2/ProjektVerkehr/survey_app/images/Anlagenring/Bike/Anlagenring_20260610_182940336.jpg,/images/0/Bike/Anlagenring_20260610_182940336.jpg,0,5,5.0,0.5,0,1,5.0,0.5,0,1,5.551775167598009,0.36373868099694556,1,5,5.0,0.5,0,1,5.0,0.5,0,1
b9,Bike/Anlagenring_20260610_183030440.jpg,bike,Anlagenring,12,/home/miguel/Documents/UNI/Master/2/ProjektVerkehr/survey_app/images/Anlagenring/Bike/Anlagenring_20260610_183030440.jpg,/images/0/Bike/Anlagenring_20260610_183030440.jpg,0,3,5.0,0.5,0,1,5.0,0.5,0,1,4.934437963791685,0.31191459604954763,3,5,5.0,0.5,0,1,5.0,0.5,0,1
b10,Bike/Anlagenring_20260610_183057209.jpg,bike,Anlagenring,b8,/home/miguel/Documents/UNI/Master/2/ProjektVerkehr/survey_app/images/Anlagenring/Bike/Anlagenring_20260610_183057209.jpg,/images/0/Bike/Anlagenring_20260610_183057209.jpg,0,4,5.0,0.5,0,1,5.0,0.5,0,1,7.1365957467474885,0.34071741347977763,3,5,5.0,0.5,0,1,5.0,0.5,0,1
b11,Bike/Anlagenring_20260610_183120063.jpg,bike,Anlagenring,,/home/miguel/Documents/UNI/Master/2/ProjektVerkehr/survey_app/images/Anlagenring/Bike/Anlagenring_20260610_183120063.jpg,/images/0/Bike/Anlagenring_20260610_183120063.jpg,0,2,5.0,0.5,0,1,5.0,0.5,0,1,5.051628182021569,0.37145479818488314,2,5,5.0,0.5,0,1,5.0,0.5,0,1
b12,Bike/Anlagenring_20260610_183314726.jpg,bike,Anlagenring,b9,/home/miguel/Documents/UNI/Master/2/ProjektVerkehr/survey_app/images/Anlagenring/Bike/Anlagenring_20260610_183314726.jpg,/images/0/Bike/Anlagenring_20260610_183314726.jpg,0,2,5.0,0.5,0,1,5.0,0.5,0,1,6.1081447906829585,0.32261571035843606,3,5,5.0,0.5,0,1,5.0,0.5,0,1
b13,Bike/Anlagenring_20260610_183409296.jpg,bike,Anlagenring,,/home/miguel/Documents/UNI/Master/2/ProjektVerkehr/survey_app/images/Anlagenring/Bike/Anlagenring_20260610_183409296.jpg,/images/0/Bike/Anlagenring_20260610_183409296.jpg,0,1,5.0,0.5,0,1,5.0,0.5,0,1,4.991652734444911,0.24497872827016237,8,5,5.0,0.5,0,1,5.0,0.5,0,1
b14,Bike/Anlagenring_20260610_183444268.jpg,bike,Anlagenring,,/home/miguel/Documents/UNI/Master/2/ProjektVerkehr/survey_app/images/Anlagenring/Bike/Anlagenring_20260610_183444268.jpg,/images/0/Bike/Anlagenring_20260610_183444268.jpg,0,2,5.0,0.5,0,1,5.0,0.5,0,1,5.131991201585441,0.2876381054733391,4,5,5.0,0.5,0,1,5.0,0.5,0,1
b15,Bike/Anlagenring_20260610_183729202.jpg,bike,Anlagenring,,/home/miguel/Documents/UNI/Master/2/ProjektVerkehr/survey_app/images/Anlagenring/Bike/Anlagenring_20260610_183729202.jpg,/images/0/Bike/Anlagenring_20260610_183729202.jpg,0,3,5.0,0.5,0,1,5.0,0.5,0,1,6.942605835492604,0.2961949229227712,2,5,5.0,0.5,0,1,5.0,0.5,0,1
b16,Bike/Anlagenring_20260610_183805109.jpg,bike,Anlagenring,,/home/miguel/Documents/UNI/Master/2/ProjektVerkehr/survey_app/images/Anlagenring/Bike/Anlagenring_20260610_183805109.jpg,/images/0/Bike/Anlagenring_20260610_183805109.jpg,0,3,5.0,0.5,0,1,5.0,0.5,0,1,5.690207721405251,0.3301889804498475,3,5,5.0,0.5,0,1,5.0,0.5,0,1
b17,Bike/Anlagenring_20260610_183946741.jpg,bike,Anlagenring,b18,/home/miguel/Documents/UNI/Master/2/ProjektVerkehr/survey_app/images/Anlagenring/Bike/Anlagenring_20260610_183946741.jpg,/images/0/Bike/Anlagenring_20260610_183946741.jpg,0,5,5.0,0.5,0,1,5.0,0.5,0,1,6.499802544724128,0.3844298651264208,1,5,5.0,0.5,0,1,5.0,0.5,0,1
b18,Bike/Anlagenring_20260610_184053438.jpg,bike,Anlagenring,b17,/home/miguel/Documents/UNI/Master/2/ProjektVerkehr/survey_app/images/Anlagenring/Bike/Anlagenring_20260610_184053438.jpg,/images/0/Bike/Anlagenring_20260610_184053438.jpg,0,2,5.0,0.5,0,1,5.0,0.5,0,1,3.66642862881237,0.28982978913356855,4,5,5.0,0.5,0,1,5.0,0.5,0,1
b19,Bike/Anlagenring_20260610_184107133.jpg,bike,Anlagenring,,/home/miguel/Documents/UNI/Master/2/ProjektVerkehr/survey_app/images/Anlagenring/Bike/Anlagenring_20260610_184107133.jpg,/images/0/Bike/Anlagenring_20260610_184107133.jpg,0,5,5.0,0.5,0,1,5.0,0.5,0,1,4.66692913979197,0.35457577030476034,1,5,5.0,0.5,0,1,5.0,0.5,0,1
b20,Bike/Anlagenring_20260610_184334497.jpg,bike,Anlagenring,,/home/miguel/Documents/UNI/Master/2/ProjektVerkehr/survey_app/images/Anlagenring/Bike/Anlagenring_20260610_184334497.jpg,/images/0/Bike/Anlagenring_20260610_184334497.jpg,0,2,5.0,0.5,0,1,5.0,0.5,0,1,5.43590317723511,0.30436803504617627,4,5,5.0,0.5,0,1,5.0,0.5,0,1
b21,Bike/Anlagenring_20260610_184508714.jpg,bike,Anlagenring,,/home/miguel/Documents/UNI/Master/2/ProjektVerkehr/survey_app/images/Anlagenring/Bike/Anlagenring_20260610_184508714.jpg,/images/0/Bike/Anlagenring_20260610_184508714.jpg,0,3,5.0,0.5,0,1,5.0,0.5,0,1,7.022452430055063,0.32638429699179083,3,5,5.0,0.5,0,1,5.0,0.5,0,1
b22,Bike/Anlagenring_20260610_184636935.jpg,bike,Anlagenring,,/home/miguel/Documents/UNI/Master/2/ProjektVerkehr/survey_app/images/Anlagenring/Bike/Anlagenring_20260610_184636935.jpg,/images/0/Bike/Anlagenring_20260610_184636935.jpg,0,2,5.0,0.5,0,1,5.0,0.5,0,1,6.6870421725991935,0.29798576176669883,3,5,5.0,0.5,0,1,5.0,0.5,0,1
b23,Bike/Anlagenring_20260610_185005695.jpg,bike,Anlagenring,,/home/miguel/Documents/UNI/Master/2/ProjektVerkehr/survey_app/images/Anlagenring/Bike/Anlagenring_20260610_185005695.jpg,/images/0/Bike/Anlagenring_20260610_185005695.jpg,0,1,5.0,0.5,0,1,5.0,0.5,0,1,5.078465196353136,0.30711501799711033,4,5,5.0,0.5,0,1,5.0,0.5,0,1
b24,Bike/Anlagenring_20260610_185112353.jpg,bike,Anlagenring,,/home/miguel/Documents/UNI/Master/2/ProjektVerkehr/survey_app/images/Anlagenring/Bike/Anlagenring_20260610_185112353.jpg,/images/0/Bike/Anlagenring_20260610_185112353.jpg,0,3,5.0,0.5,0,1,5.0,0.5,0,1,3.9346014968000502,0.3944157331138287,2,5,5.0,0.5,0,1,5.0,0.5,0,1
b25,Bike/Anlagenring_20260610_185212092.jpg,bike,Anlagenring,,/home/miguel/Documents/UNI/Master/2/ProjektVerkehr/survey_app/images/Anlagenring/Bike/Anlagenring_20260610_185212092.jpg,/images/0/Bike/Anlagenring_20260610_185212092.jpg,0,5,5.0,0.5,0,1,5.0,0.5,0,1,4.019200843410259,0.39416691898316447,2,5,5.0,0.5,0,1,5.0,0.5,0,1
b26,Bike/Anlagenring_20260610_185328296.jpg,bike,Anlagenring,,/home/miguel/Documents/UNI/Master/2/ProjektVerkehr/survey_app/images/Anlagenring/Bike/Anlagenring_20260610_185328296.jpg,/images/0/Bike/Anlagenring_20260610_185328296.jpg,0,2,5.0,0.5,0,1,5.0,0.5,0,1,5.609712755756002,0.27199317321420546,6,5,5.0,0.5,0,1,5.0,0.5,0,1
b27,Bike/Anlagenring_20260610_185540125.jpg,bike,Anlagenring,,/home/miguel/Documents/UNI/Master/2/ProjektVerkehr/survey_app/images/Anlagenring/Bike/Anlagenring_20260610_185540125.jpg,/images/0/Bike/Anlagenring_20260610_185540125.jpg,0,4,5.0,0.5,0,1,5.0,0.5,0,1,3.28274054126653,0.3473293344175774,2,5,5.0,0.5,0,1,5.0,0.5,0,1
b28,Bike/Anlagenring_20260610_185611028.jpg,bike,Anlagenring,,/home/miguel/Documents/UNI/Master/2/ProjektVerkehr/survey_app/images/Anlagenring/Bike/Anlagenring_20260610_185611028.jpg,/images/0/Bike/Anlagenring_20260610_185611028.jpg,0,3,5.0,0.5,0,1,5.0,0.5,0,1,4.12559435970173,0.41574556085544934,1,5,5.0,0.5,0,1,5.0,0.5,0,1
b29,Bike/Anlagenring_20260610_185718181.jpg,bike,Anlagenring,,/home/miguel/Documents/UNI/Master/2/ProjektVerkehr/survey_app/images/Anlagenring/Bike/Anlagenring_20260610_185718181.jpg,/images/0/Bike/Anlagenring_20260610_185718181.jpg,0,1,5.0,0.5,0,1,5.0,0.5,0,1,5.366379631154684,0.29061925235997477,5,5,5.0,0.5,0,1,5.0,0.5,0,1
b30,Bike/Anlagenring_20260610_185916511.jpg,bike,Anlagenring,,/home/miguel/Documents/UNI/Master/2/ProjektVerkehr/survey_app/images/Anlagenring/Bike/Anlagenring_20260610_185916511.jpg,/images/0/Bike/Anlagenring_20260610_185916511.jpg,0,4,5.0,0.5,0,1,5.0,0.5,0,1,3.5759785456496163,0.3712564307191317,2,5,5.0,0.5,0,1,5.0,0.5,0,1
b31,Bike/Anlagenring_20260610_185941602.jpg,bike,Anlagenring,,/home/miguel/Documents/UNI/Master/2/ProjektVerkehr/survey_app/images/Anlagenring/Bike/Anlagenring_20260610_185941602.jpg,/images/0/Bike/Anlagenring_20260610_185941602.jpg,0,3,5.0,0.5,0,1,5.0,0.5,0,1,4.793259034540188,0.3575903810766974,2,5,5.0,0.5,0,1,5.0,0.5,0,1
b32,Bike/Anlagenring_20260610_190107324.jpg,bike,Anlagenring,,/home/miguel/Documents/UNI/Master/2/ProjektVerkehr/survey_app/images/Anlagenring/Bike/Anlagenring_20260610_190107324.jpg,/images/0/Bike/Anlagenring_20260610_190107324.jpg,0,1,5.0,0.5,0,1,5.0,0.5,0,1,5.360491574234393,0.22110938988831097,9,5,5.0,0.5,0,1,5.0,0.5,0,1
b33,Bike/Anlagenring_20260610_190131458.jpg,bike,Anlagenring,,/home/miguel/Documents/UNI/Master/2/ProjektVerkehr/survey_app/images/Anlagenring/Bike/Anlagenring_20260610_190131458.jpg,/images/0/Bike/Anlagenring_20260610_190131458.jpg,0,2,5.0,0.5,0,1,5.0,0.5,0,1,3.9345755523784254,0.3166336974934792,3,5,5.0,0.5,0,1,5.0,0.5,0,1
b34,Bike/Anlagenring_20260610_190313835.jpg,bike,Anlagenring,,/home/miguel/Documents/UNI/Master/2/ProjektVerkehr/survey_app/images/Anlagenring/Bike/Anlagenring_20260610_190313835.jpg,/images/0/Bike/Anlagenring_20260610_190313835.jpg,0,1,5.0,0.5,0,1,5.0,0.5,0,1,4.779994215508263,0.28460999685628974,5,5,5.0,0.5,0,1,5.0,0.5,0,1
b35,Bike/Anlagenring_20260610_190435340.jpg,bike,Anlagenring,,/home/miguel/Documents/UNI/Master/2/ProjektVerkehr/survey_app/images/Anlagenring/Bike/Anlagenring_20260610_190435340.jpg,/images/0/Bike/Anlagenring_20260610_190435340.jpg,0,5,5.0,0.5,0,1,5.0,0.5,0,1,5.898712718685396,0.41241914043586725,1,5,5.0,0.5,0,1,5.0,0.5,0,1
b36,Bike/Anlagenring_20260610_190534850.jpg,bike,Anlagenring,b37,/home/miguel/Documents/UNI/Master/2/ProjektVerkehr/survey_app/images/Anlagenring/Bike/Anlagenring_20260610_190534850.jpg,/images/0/Bike/Anlagenring_20260610_190534850.jpg,0,2,5.0,0.5,0,1,5.0,0.5,0,1,3.0229788967709035,0.35231784717823,2,5,5.0,0.5,0,1,5.0,0.5,0,1
b37,Bike/Anlagenring_20260610_190620501.jpg,bike,Anlagenring,b36,/home/miguel/Documents/UNI/Master/2/ProjektVerkehr/survey_app/images/Anlagenring/Bike/Anlagenring_20260610_190620501.jpg,/images/0/Bike/Anlagenring_20260610_190620501.jpg,0,2,5.0,0.5,0,1,5.0,0.5,0,1,2.3482604824964395,0.2884992325051102,4,5,5.0,0.5,0,1,5.0,0.5,0,1
b38,Bike/Anlagenring_20260610_190726317.jpg,bike,Anlagenring,,/home/miguel/Documents/UNI/Master/2/ProjektVerkehr/survey_app/images/Anlagenring/Bike/Anlagenring_20260610_190726317.jpg,/images/0/Bike/Anlagenring_20260610_190726317.jpg,0,1,5.0,0.5,0,1,5.0,0.5,0,1,3.151163580021991,0.33376778368235926,3,5,5.0,0.5,0,1,5.0,0.5,0,1
b39,Bike/Anlagenring_20260610_190819053.jpg,bike,Anlagenring,b40,/home/miguel/Documents/UNI/Master/2/ProjektVerkehr/survey_app/images/Anlagenring/Bike/Anlagenring_20260610_190819053.jpg,/images/0/Bike/Anlagenring_20260610_190819053.jpg,0,4,5.0,0.5,0,1,5.0,0.5,0,1,5.667778307743459,0.34487827186861175,2,5,5.0,0.5,0,1,5.0,0.5,0,1
b40,Bike/Anlagenring_20260610_190900914.jpg,bike,Anlagenring,b39,/home/miguel/Documents/UNI/Master/2/ProjektVerkehr/survey_app/images/Anlagenring/Bike/Anlagenring_20260610_190900914.jpg,/images/0/Bike/Anlagenring_20260610_190900914.jpg,0,1,5.0,0.5,0,1,5.0,0.5,0,1,6.879521848970562,0.26737659282407,6,5,5.0,0.5,0,1,5.0,0.5,0,1
b41,Bike/Anlagenring_20260610_191009709.jpg,bike,Anlagenring,,/home/miguel/Documents/UNI/Master/2/ProjektVerkehr/survey_app/images/Anlagenring/Bike/Anlagenring_20260610_191009709.jpg,/images/0/Bike/Anlagenring_20260610_191009709.jpg,0,4,5.0,0.5,0,1,5.0,0.5,0,1,4.399948941028606,0.34363698300239637,2,5,5.0,0.5,0,1,5.0,0.5,0,1
b42,Bike/Anlagenring_20260610_191200939.jpg,bike,Anlagenring,,/home/miguel/Documents/UNI/Master/2/ProjektVerkehr/survey_app/images/Anlagenring/Bike/Anlagenring_20260610_191200939.jpg,/images/0/Bike/Anlagenring_20260610_191200939.jpg,0,2,5.0,0.5,0,1,5.0,0.5,0,1,4.395360516801392,0.33250851484566035,3,5,5.0,0.5,0,1,5.0,0.5,0,1
b43,Bike/Anlagenring_20260610_191424555.jpg,bike,Anlagenring,,/home/miguel/Documents/UNI/Master/2/ProjektVerkehr/survey_app/images/Anlagenring/Bike/Anlagenring_20260610_191424555.jpg,/images/0/Bike/Anlagenring_20260610_191424555.jpg,0,2,5.0,0.5,0,1,5.0,0.5,0,1,6.719930737622233,0.3689517174275758,2,5,5.0,0.5,0,1,5.0,0.5,0,1
b44,Bike/Anlagenring_20260610_192411849.jpg,bike,Anlagenring,,/home/miguel/Documents/UNI/Master/2/ProjektVerkehr/survey_app/images/Anlagenring/Bike/Anlagenring_20260610_192411849.jpg,/images/0/Bike/Anlagenring_20260610_192411849.jpg,0,4,5.0,0.5,0,1,5.0,0.5,0,1,4.500410140569641,0.30881426649135213,2,5,5.0,0.5,0,1,5.0,0.5,0,1
b45,Bike/Anlagenring_20260610_192950472.jpg,bike,Anlagenring,b46,/home/miguel/Documents/UNI/Master/2/ProjektVerkehr/survey_app/images/Anlagenring/Bike/Anlagenring_20260610_192950472.jpg,/images/0/Bike/Anlagenring_20260610_192950472.jpg,0,5,5.0,0.5,0,1,5.0,0.5,0,1,4.230794469195876,0.4294814467192055,1,5,5.0,0.5,0,1,5.0,0.5,0,1
b46,Bike/Anlagenring_20260610_193219468.jpg,bike,Anlagenring,b45,/home/miguel/Documents/UNI/Master/2/ProjektVerkehr/survey_app/images/Anlagenring/Bike/Anlagenring_20260610_193219468.jpg,/images/0/Bike/Anlagenring_20260610_193219468.jpg,0,1,5.0,0.5,0,1,5.0,0.5,0,1,6.563791728233492,0.23364931356781254,9,5,5.0,0.5,0,1,5.0,0.5,0,1
b47,Bike/Anlagenring_20260610_193645847.jpg,bike,Anlagenring,,/home/miguel/Documents/UNI/Master/2/ProjektVerkehr/survey_app/images/Anlagenring/Bike/Anlagenring_20260610_193645847.jpg,/images/0/Bike/Anlagenring_20260610_193645847.jpg,0,2,5.0,0.5,0,1,5.0,0.5,0,1,2.560896437369014,0.24782233205578752,7,5,5.0,0.5,0,1,5.0,0.5,0,1
b48,Bike/Anlagenring_20260610_193739746.jpg,bike,Anlagenring,,/home/miguel/Documents/UNI/Master/2/ProjektVerkehr/survey_app/images/Anlagenring/Bike/Anlagenring_20260610_193739746.jpg,/images/0/Bike/Anlagenring_20260610_193739746.jpg,0,4,5.0,0.5,0,1,5.0,0.5,0,1,3.7137343748306817,0.3620733231027779,2,5,5.0,0.5,0,1,5.0,0.5,0,1
b49,Bike/Anlagenring_20260610_193815546.jpg,bike,Anlagenring,,/home/miguel/Documents/UNI/Master/2/ProjektVerkehr/survey_app/images/Anlagenring/Bike/Anlagenring_20260610_193815546.jpg,/images/0/Bike/Anlagenring_20260610_193815546.jpg,0,5,5.0,0.5,0,1,5.0,0.5,0,1,5.678716747136727,0.4256459068265356,1,5,5.0,0.5,0,1,5.0,0.5,0,1
b50,Bike/Anlagenring_20260610_194104433.jpg,bike,Anlagenring,,/home/miguel/Documents/UNI/Master/2/ProjektVerkehr/survey_app/images/Anlagenring/Bike/Anlagenring_20260610_194104433.jpg,/images/0/Bike/Anlagenring_20260610_194104433.jpg,0,4,5.0,0.5,0,1,5.0,0.5,0,1,6.106077193785657,0.3950623650514996,1,5,5.0,0.5,0,1,5.0,0.5,0,1
b51,Bike/Anlagenring_20260610_194506648.jpg,bike,Anlagenring,,/home/miguel/Documents/UNI/Master/2/ProjektVerkehr/survey_app/images/Anlagenring/Bike/Anlagenring_20260610_194506648.jpg,/images/0/Bike/Anlagenring_20260610_194506648.jpg,0,4,5.0,0.5,0,1,5.0,0.5,0,1,5.827635488329522,0.3319253600200694,2,5,5.0,0.5,0,1,5.0,0.5,0,1
b52,Bike/Anlagenring_20260610_194535579.jpg,bike,Anlagenring,,/home/miguel/Documents/UNI/Master/2/ProjektVerkehr/survey_app/images/Anlagenring/Bike/Anlagenring_20260610_194535579.jpg,/images/0/Bike/Anlagenring_20260610_194535579.jpg,0,3,5.0,0.5,0,1,5.0,0.5,0,1,3.868095683284573,0.30606512793869317,3,5,5.0,0.5,0,1,5.0,0.5,0,1
b53,Bike/Anlagenring_20260610_194612454.jpg,bike,Anlagenring,,/home/miguel/Documents/UNI/Master/2/ProjektVerkehr/survey_app/images/Anlagenring/Bike/Anlagenring_20260610_194612454.jpg,/images/0/Bike/Anlagenring_20260610_194612454.jpg,0,2,5.0,0.5,0,1,5.0,0.5,0,1,5.238715285134734,0.25275604261729695,6,5,5.0,0.5,0,1,5.0,0.5,0,1
b54,Bike/Anlagenring_20260610_194800019.jpg,bike,Anlagenring,,/home/miguel/Documents/UNI/Master/2/ProjektVerkehr/survey_app/images/Anlagenring/Bike/Anlagenring_20260610_194800019.jpg,/images/0/Bike/Anlagenring_20260610_194800019.jpg,0,5,5.0,0.5,0,1,5.0,0.5,0,1,3.783277644726936,0.32350047955512246,2,5,5.0,0.5,0,1,5.0,0.5,0,1
b55,Bike/Anlagenring_20260610_194931268.jpg,bike,Anlagenring,,/home/miguel/Documents/UNI/Master/2/ProjektVerkehr/survey_app/images/Anlagenring/Bike/Anlagenring_20260610_194931268.jpg,/images/0/Bike/Anlagenring_20260610_194931268.jpg,0,1,5.0,0.5,0,1,5.0,0.5,0,1,4.907796128799765,0.262307813922243,6,5,5.0,0.5,0,1,5.0,0.5,0,1
b56,Bike/Anlagenring_20260610_195007357.jpg,bike,Anlagenring,,/home/miguel/Documents/UNI/Master/2/ProjektVerkehr/survey_app/images/Anlagenring/Bike/Anlagenring_20260610_195007357.jpg,/images/0/Bike/Anlagenring_20260610_195007357.jpg,0,4,5.0,0.5,0,1,5.0,0.5,0,1,5.16115064182207,0.38526495484599527,2,5,5.0,0.5,0,1,5.0,0.5,0,1
b57,Bike/Anlagenring_20260610_195228146.jpg,bike,Anlagenring,,/home/miguel/Documents/UNI/Master/2/ProjektVerkehr/survey_app/images/Anlagenring/Bike/Anlagenring_20260610_195228146.jpg,/images/0/Bike/Anlagenring_20260610_195228146.jpg,0,1,5.0,0.5,0,1,5.0,0.5,0,1,5.4625725081982335,0.2716693199417392,6,5,5.0,0.5,0,1,5.0,0.5,0,1
b58,Bike/Anlagenring_20260610_195656507.jpg,bike,Anlagenring,,/home/miguel/Documents/UNI/Master/2/ProjektVerkehr/survey_app/images/Anlagenring/Bike/Anlagenring_20260610_195656507.jpg,/images/0/Bike/Anlagenring_20260610_195656507.jpg,0,3,5.0,0.5,0,1,5.0,0.5,0,1,6.626226487428802,0.3919429769015276,1,5,5.0,0.5,0,1,5.0,0.5,0,1
b59,Bike/Anlagenring_20260610_200120852.jpg,bike,Anlagenring,,/home/miguel/Documents/UNI/Master/2/ProjektVerkehr/survey_app/images/Anlagenring/Bike/Anlagenring_20260610_200120852.jpg,/images/0/Bike/Anlagenring_20260610_200120852.jpg,0,4,5.0,0.5,0,1,5.0,0.5,0,1,3.212571981930675,0.34925047285354405,2,5,5.0,0.5,0,1,5.0,0.5,0,1
b60,Bike/Anlagenring_20260610_200145610.jpg,bike,Anlagenring,,/home/miguel/Documents/UNI/Master/2/ProjektVerkehr/survey_app/images/Anlagenring/Bike/Anlagenring_20260610_200145610.jpg,/images/0/Bike/Anlagenring_20260610_200145610.jpg,0,5,5.0,0.5,0,1,5.0,0.5,0,1,5.590017670896449,0.34061807442483394,1,5,5.0,0.5,0,1,5.0,0.5,0,1
b61,Bike/Anlagenring_20260610_200327772.jpg,bike,Anlagenring,,/home/miguel/Documents/UNI/Master/2/ProjektVerkehr/survey_app/images/Anlagenring/Bike/Anlagenring_20260610_200327772.jpg,/images/0/Bike/Anlagenring_20260610_200327772.jpg,0,1,5.0,0.5,0,1,5.0,0.5,0,1,5.744080032694898,0.27558145896767017,5,5,5.0,0.5,0,1,5.0,0.5,0,1
b62,Bike/Anlagenring_20260610_200542156.jpg,bike,Anlagenring,,/home/miguel/Documents/UNI/Master/2/ProjektVerkehr/survey_app/images/Anlagenring/Bike/Anlagenring_20260610_200542156.jpg,/images/0/Bike/Anlagenring_20260610_200542156.jpg,0,2,5.0,0.5,0,1,5.0,0.5,0,1,4.147305000696864,0.30306295857227816,4,5,5.0,0.5,0,1,5.0,0.5,0,1
b63,Bike/Anlagenring_20260610_200707017.jpg,bike,Anlagenring,b64,/home/miguel/Documents/UNI/Master/2/ProjektVerkehr/survey_app/images/Anlagenring/Bike/Anlagenring_20260610_200707017.jpg,/images/0/Bike/Anlagenring_20260610_200707017.jpg,0,4,5.0,0.5,0,1,5.0,0.5,0,1,5.731463495099652,0.3342658368293418,1,5,5.0,0.5,0,1,5.0,0.5,0,1
b64,Bike/Anlagenring_20260610_200826907.jpg,bike,Anlagenring,b63,/home/miguel/Documents/UNI/Master/2/ProjektVerkehr/survey_app/images/Anlagenring/Bike/Anlagenring_20260610_200826907.jpg,/images/0/Bike/Anlagenring_20260610_200826907.jpg,0,4,5.0,0.5,0,1,5.0,0.5,0,1,5.223582524447812,0.3232767486833016,2,5,5.0,0.5,0,1,5.0,0.5,0,1
b65,Bike/Anlagenring_20260610_201126970.jpg,bike,Anlagenring,,/home/miguel/Documents/UNI/Master/2/ProjektVerkehr/survey_app/images/Anlagenring/Bike/Anlagenring_20260610_201126970.jpg,/images/0/Bike/Anlagenring_20260610_201126970.jpg,0,3,5.0,0.5,0,1,5.0,0.5,0,1,4.11809365516485,0.3375555003498203,2,5,5.0,0.5,0,1,5.0,0.5,0,1
b66,Bike/Anlagenring_20260610_201149423.jpg,bike,Anlagenring,,/home/miguel/Documents/UNI/Master/2/ProjektVerkehr/survey_app/images/Anlagenring/Bike/Anlagenring_20260610_201149423.jpg,/images/0/Bike/Anlagenring_20260610_201149423.jpg,0,3,5.0,0.5,0,1,5.0,0.5,0,1,5.3744200001718365,0.36572226261566926,2,5,5.0,0.5,0,1,5.0,0.5,0,1
b67,Bike/Anlagenring_20260610_201245414.jpg,bike,Anlagenring,,/home/miguel/Documents/UNI/Master/2/ProjektVerkehr/survey_app/images/Anlagenring/Bike/Anlagenring_20260610_201245414.jpg,/images/0/Bike/Anlagenring_20260610_201245414.jpg,0,4,5.0,0.5,0,1,5.0,0.5,0,1,5.89397710578238,0.39624658705872445,2,5,5.0,0.5,0,1,5.0,0.5,0,1
b68,Bike/Anlagenring_20260610_201405131.jpg,bike,Anlagenring,,/home/miguel/Documents/UNI/Master/2/ProjektVerkehr/survey_app/images/Anlagenring/Bike/Anlagenring_20260610_201405131.jpg,/images/0/Bike/Anlagenring_20260610_201405131.jpg,0,1,5.0,0.5,0,1,5.0,0.5,0,1,6.097158558385392,0.25276518381489993,6,5,5.0,0.5,0,1,5.0,0.5,0,1
b69,Bike/Anlagenring_20260610_201501458.jpg,bike,Anlagenring,,/home/miguel/Documents/UNI/Master/2/ProjektVerkehr/survey_app/images/Anlagenring/Bike/Anlagenring_20260610_201501458.jpg,/images/0/Bike/Anlagenring_20260610_201501458.jpg,0,4,5.0,0.5,0,1,5.0,0.5,0,1,4.580065562937148,0.35379100010880776,2,5,5.0,0.5,0,1,5.0,0.5,0,1
b70,Bike/Anlagenring_20260610_201808871.jpg,bike,Anlagenring,,/home/miguel/Documents/UNI/Master/2/ProjektVerkehr/survey_app/images/Anlagenring/Bike/Anlagenring_20260610_201808871.jpg,/images/0/Bike/Anlagenring_20260610_201808871.jpg,0,4,5.0,0.5,0,1,5.0,0.5,0,1,6.185222011747897,0.39916908633514714,1,5,5.0,0.5,0,1,5.0,0.5,0,1
b71,Bike/Anlagenring_20260610_201901884.jpg,bike,Anlagenring,,/home/miguel/Documents/UNI/Master/2/ProjektVerkehr/survey_app/images/Anlagenring/Bike/Anlagenring_20260610_201901884.jpg,/images/0/Bike/Anlagenring_20260610_201901884.jpg,0,5,5.0,0.5,0,1,5.0,0.5,0,1,3.848138979654723,0.3955078944218572,1,5,5.0,0.5,0,1,5.0,0.5,0,1
b72,Bike/Anlagenring_20260610_201933087.jpg,bike,Anlagenring,,/home/miguel/Documents/UNI/Master/2/ProjektVerkehr/survey_app/images/Anlagenring/Bike/Anlagenring_20260610_201933087.jpg,/images/0/Bike/Anlagenring_20260610_201933087.jpg,0,2,5.0,0.5,0,1,5.0,0.5,0,1,4.152980480228075,0.3129646861761806,4,5,5.0,0.5,0,1,5.0,0.5,0,1
b73,Bike/Anlagenring_20260610_202033739.jpg,bike,Anlagenring,b74,/home/miguel/Documents/UNI/Master/2/ProjektVerkehr/survey_app/images/Anlagenring/Bike/Anlagenring_20260610_202033739.jpg,/images/0/Bike/Anlagenring_20260610_202033739.jpg,0,4,5.0,0.5,0,1,5.0,0.5,0,1,3.2638101347846264,0.35959087897822556,2,5,5.0,0.5,0,1,5.0,0.5,0,1
b74,Bike/Anlagenring_20260610_202118609.jpg,bike,Anlagenring,b73,/home/miguel/Documents/UNI/Master/2/ProjektVerkehr/survey_app/images/Anlagenring/Bike/Anlagenring_20260610_202118609.jpg,/images/0/Bike/Anlagenring_20260610_202118609.jpg,0,2,5.0,0.5,0,1,5.0,0.5,0,1,5.289889459384378,0.2610623096095383,5,5,5.0,0.5,0,1,5.0,0.5,0,1
b75,Bike/Anlagenring_20260610_202248742.jpg,bike,Anlagenring,,/home/miguel/Documents/UNI/Master/2/ProjektVerkehr/survey_app/images/Anlagenring/Bike/Anlagenring_20260610_202248742.jpg,/images/0/Bike/Anlagenring_20260610_202248742.jpg,0,3,5.0,0.5,0,1,5.0,0.5,0,1,3.5949986492543644,0.3590921992904036,2,5,5.0,0.5,0,1,5.0,0.5,0,1
b76,Bike/Anlagenring_20260610_202328948.jpg,bike,Anlagenring,,/home/miguel/Documents/UNI/Master/2/ProjektVerkehr/survey_app/images/Anlagenring/Bike/Anlagenring_20260610_202328948.jpg,/images/0/Bike/Anlagenring_20260610_202328948.jpg,0,2,5.0,0.5,0,1,5.0,0.5,0,1,5.68402982926377,0.3065866307744212,4,5,5.0,0.5,0,1,5.0,0.5,0,1
b77,Bike/Anlagenring_20260610_202457753.jpg,bike,Anlagenring,,/home/miguel/Documents/UNI/Master/2/ProjektVerkehr/survey_app/images/Anlagenring/Bike/Anlagenring_20260610_202457753.jpg,/images/0/Bike/Anlagenring_20260610_202457753.jpg,0,3,5.0,0.5,0,1,5.0,0.5,0,1,3.577946440253272,0.3399301175404645,1,5,5.0,0.5,0,1,5.0,0.5,0,1
b78,Bike/Anlagenring_20260610_202516461.jpg,bike,Anlagenring,,/home/miguel/Documents/UNI/Master/2/ProjektVerkehr/survey_app/images/Anlagenring/Bike/Anlagenring_20260610_202516461.jpg,/images/0/Bike/Anlagenring_20260610_202516461.jpg,0,1,5.0,0.5,0,1,5.0,0.5,0,1,5.156367187234978,0.34793235387723587,3,5,5.0,0.5,0,1,5.0,0.5,0,1
b79,Bike/Anlagenring_20260610_202711112.jpg,bike,Anlagenring,,/home/miguel/Documents/UNI/Master/2/ProjektVerkehr/survey_app/images/Anlagenring/Bike/Anlagenring_20260610_202711112.jpg,/images/0/Bike/Anlagenring_20260610_202711112.jpg,0,3,5.0,0.5,0,1,5.0,0.5,0,1,3.342840228592356,0.3521484571716061,2,5,5.0,0.5,0,1,5.0,0.5,0,1
b80,Bike/Anlagenring_20260610_202843418.jpg,bike,Anlagenring,,/home/miguel/Documents/UNI/Master/2/ProjektVerkehr/survey_app/images/Anlagenring/Bike/Anlagenring_20260610_202843418.jpg,/images/0/Bike/Anlagenring_20260610_202843418.jpg,0,2,5.0,0.5,0,1,5.0,0.5,0,1,4.670776159596928,0.2598770870123607,4,5,5.0,0.5,0,1,5.0,0.5,0,1
s1,Stay/Anlagenring_20260610_181614450.jpg,stay,Anlagenring,,/home/miguel/Documents/UNI/Master/2/ProjektVerkehr/survey_app/images/Anlagenring/Stay/Anlagenring_20260610_181614450.jpg,/images/0/Stay/Anlagenring_20260610_181614450.jpg,0,2,5.0,0.5,0,1,5.0,0.5,0,1,5.0,0.5,0,1,5.0,0.5,0,1,3.1565615990588616,0.24201518460596755,6,3
s2,Stay/Anlagenring_20260610_181753467.jpg,stay,Anlagenring,,/home/miguel/Documents/UNI/Master/2/ProjektVerkehr/survey_app/images/Anlagenring/Stay/Anlagenring_20260610_181753467.jpg,/images/0/Stay/Anlagenring_20260610_181753467.jpg,0,2,5.0,0.5,0,1,5.0,0.5,0,1,5.0,0.5,0,1,5.0,0.5,0,1,7.676251752775445,0.28534755168474724,4,3
s3,Stay/Anlagenring_20260610_182313815.jpg,stay,Anlagenring,,/home/miguel/Documents/UNI/Master/2/ProjektVerkehr/survey_app/images/Anlagenring/Stay/Anlagenring_20260610_182313815.jpg,/images/0/Stay/Anlagenring_20260610_182313815.jpg,0,1,5.0,0.5,0,1,5.0,0.5,0,1,5.0,0.5,0,1,5.0,0.5,0,1,5.88231426899647,0.2501850042906803,6,3
s4,Stay/Anlagenring_20260610_182435443.jpg,stay,Anlagenring,,/home/miguel/Documents/UNI/Master/2/ProjektVerkehr/survey_app/images/Anlagenring/Stay/Anlagenring_20260610_182435443.jpg,/images/0/Stay/Anlagenring_20260610_182435443.jpg,0,2,5.0,0.5,0,1,5.0,0.5,0,1,5.0,0.5,0,1,5.0,0.5,0,1,5.3237121624193176,0.2522644784043686,4,3
s5,Stay/Anlagenring_20260610_182449731.jpg,stay,Anlagenring,,/home/miguel/Documents/UNI/Master/2/ProjektVerkehr/survey_app/images/Anlagenring/Stay/Anlagenring_20260610_182449731.jpg,/images/0/Stay/Anlagenring_20260610_182449731.jpg,0,3,5.0,0.5,0,1,5.0,0.5,0,1,5.0,0.5,0,1,5.0,0.5,0,1,5.460237828776111,0.24932203974442907,6,3
s6,Stay/Anlagenring_20260610_182558647.jpg,stay,Anlagenring,s7,/home/miguel/Documents/UNI/Master/2/ProjektVerkehr/survey_app/images/Anlagenring/Stay/Anlagenring_20260610_182558647.jpg,/images/0/Stay/Anlagenring_20260610_182558647.jpg,0,3,5.0,0.5,0,1,5.0,0.5,0,1,5.0,0.5,0,1,5.0,0.5,0,1,3.173299556235764,0.2974210536201715,4,3
s7,Stay/Anlagenring_20260610_183409296.jpg,stay,Anlagenring,s6,/home/miguel/Documents/UNI/Master/2/ProjektVerkehr/survey_app/images/Anlagenring/Stay/Anlagenring_20260610_183409296.jpg,/images/0/Stay/Anlagenring_20260610_183409296.jpg,0,3,5.0,0.5,0,1,5.0,0.5,0,1,5.0,0.5,0,1,5.0,0.5,0,1,5.2951683833488286,0.2589178170106829,5,3
s8,Stay/Anlagenring_20260610_183444268.jpg,stay,Anlagenring,,/home/miguel/Documents/UNI/Master/2/ProjektVerkehr/survey_app/images/Anlagenring/Stay/Anlagenring_20260610_183444268.jpg,/images/0/Stay/Anlagenring_20260610_183444268.jpg,0,2,5.0,0.5,0,1,5.0,0.5,0,1,5.0,0.5,0,1,5.0,0.5,0,1,4.684595249664759,0.2303279936044657,7,3
s9,Stay/Anlagenring_20260610_183607948.jpg,stay,Anlagenring,,/home/miguel/Documents/UNI/Master/2/ProjektVerkehr/survey_app/images/Anlagenring/Stay/Anlagenring_20260610_183607948.jpg,/images/0/Stay/Anlagenring_20260610_183607948.jpg,0,1,5.0,0.5,0,1,5.0,0.5,0,1,5.0,0.5,0,1,5.0,0.5,0,1,3.567653797518787,0.2396488961096474,6,3
s10,Stay/Anlagenring_20260610_183901480.jpg,stay,Anlagenring,,/home/miguel/Documents/UNI/Master/2/ProjektVerkehr/survey_app/images/Anlagenring/Stay/Anlagenring_20260610_183901480.jpg,/images/0/Stay/Anlagenring_20260610_183901480.jpg,0,1,5.0,0.5,0,1,5.0,0.5,0,1,5.0,0.5,0,1,5.0,0.5,0,1,4.91715539023807,0.2538368973457004,7,3
s11,Stay/Anlagenring_20260610_184137795.jpg,stay,Anlagenring,,/home/miguel/Documents/UNI/Master/2/ProjektVerkehr/survey_app/images/Anlagenring/Stay/Anlagenring_20260610_184137795.jpg,/images/0/Stay/Anlagenring_20260610_184137795.jpg,0,2,5.0,0.5,0,1,5.0,0.5,0,1,5.0,0.5,0,1,5.0,0.5,0,1,3.7385801339979414,0.2005840484991889,8,3
s12,Stay/Anlagenring_20260610_184246340.jpg,stay,Anlagenring,,/home/miguel/Documents/UNI/Master/2/ProjektVerkehr/survey_app/images/Anlagenring/Stay/Anlagenring_20260610_184246340.jpg,/images/0/Stay/Anlagenring_20260610_184246340.jpg,0,1,5.0,0.5,0,1,5.0,0.5,0,1,5.0,0.5,0,1,5.0,0.5,0,1,2.8216757244077963,0.24095469678896722,8,3
s13,Stay/Anlagenring_20260610_184324834.jpg,stay,Anlagenring,,/home/miguel/Documents/UNI/Master/2/ProjektVerkehr/survey_app/images/Anlagenring/Stay/Anlagenring_20260610_184324834.jpg,/images/0/Stay/Anlagenring_20260610_184324834.jpg,0,3,5.0,0.5,0,1,5.0,0.5,0,1,5.0,0.5,0,1,5.0,0.5,0,1,5.311960981937065,0.28278396358545477,4,3
s14,Stay/Anlagenring_20260610_184407746.jpg,stay,Anlagenring,,/home/miguel/Documents/UNI/Master/2/ProjektVerkehr/survey_app/images/Anlagenring/Stay/Anlagenring_20260610_184407746.jpg,/images/0/Stay/Anlagenring_20260610_184407746.jpg,0,1,5.0,0.5,0,1,5.0,0.5,0,1,5.0,0.5,0,1,5.0,0.5,0,1,4.063152208479346,0.264823169644698,5,3
s15,Stay/Anlagenring_20260610_184424079.jpg,stay,Anlagenring,"[s16,s17]",/home/miguel/Documents/UNI/Master/2/ProjektVerkehr/survey_app/images/Anlagenring/Stay/Anlagenring_20260610_184424079.jpg,/images/0/Stay/Anlagenring_20260610_184424079.jpg,0,1,5.0,0.5,0,1,5.0,0.5,0,1,5.0,0.5,0,1,5.0,0.5,0,1,4.809428495684795,0.2859580851594091,8,3
s16,Stay/Anlagenring_20260610_184435917.jpg,stay,Anlagenring,s15,/home/miguel/Documents/UNI/Master/2/ProjektVerkehr/survey_app/images/Anlagenring/Stay/Anlagenring_20260610_184435917.jpg,/images/0/Stay/Anlagenring_20260610_184435917.jpg,0,2,5.0,0.5,0,1,5.0,0.5,0,1,5.0,0.5,0,1,5.0,0.5,0,1,3.744447134482892,0.22119668883535773,8,3
s17,Stay/Anlagenring_20260610_184451237.jpg,stay,Anlagenring,s15,/home/miguel/Documents/UNI/Master/2/ProjektVerkehr/survey_app/images/Anlagenring/Stay/Anlagenring_20260610_184451237.jpg,/images/0/Stay/Anlagenring_20260610_184451237.jpg,0,1,5.0,0.5,0,1,5.0,0.5,0,1,5.0,0.5,0,1,5.0,0.5,0,1,4.842279437487937,0.21516700958861498,8,3
s18,Stay/Anlagenring_20260610_184803495.jpg,stay,Anlagenring,s19,/home/miguel/Documents/UNI/Master/2/ProjektVerkehr/survey_app/images/Anlagenring/Stay/Anlagenring_20260610_184803495.jpg,/images/0/Stay/Anlagenring_20260610_184803495.jpg,0,3,5.0,0.5,0,1,5.0,0.5,0,1,5.0,0.5,0,1,5.0,0.5,0,1,6.544325660805951,0.26992513750739583,3,3
s19,Stay/Anlagenring_20260610_184900185.jpg,stay,Anlagenring,s18,/home/miguel/Documents/UNI/Master/2/ProjektVerkehr/survey_app/images/Anlagenring/Stay/Anlagenring_20260610_184900185.jpg,/images/0/Stay/Anlagenring_20260610_184900185.jpg,0,1,5.0,0.5,0,1,5.0,0.5,0,1,5.0,0.5,0,1,5.0,0.5,0,1,6.567110177119671,0.268883006009267,5,3
s20,Stay/Anlagenring_20260610_185228587.jpg,stay,Anlagenring,,/home/miguel/Documents/UNI/Master/2/ProjektVerkehr/survey_app/images/Anlagenring/Stay/Anlagenring_20260610_185228587.jpg,/images/0/Stay/Anlagenring_20260610_185228587.jpg,0,3,5.0,0.5,0,1,5.0,0.5,0,1,5.0,0.5,0,1,5.0,0.5,0,1,5.778115013828855,0.2657982805197133,4,3
s21,Stay/Anlagenring_20260610_185328296.jpg,stay,Anlagenring,s22,/home/miguel/Documents/UNI/Master/2/ProjektVerkehr/survey_app/images/Anlagenring/Stay/Anlagenring_20260610_185328296.jpg,/images/0/Stay/Anlagenring_20260610_185328296.jpg,0,3,5.0,0.5,0,1,5.0,0.5,0,1,5.0,0.5,0,1,5.0,0.5,0,1,4.060046754607337,0.27407969550343075,5,3
s22,Stay/Anlagenring_20260610_185355813.jpg,stay,Anlagenring,s21,/home/miguel/Documents/UNI/Master/2/ProjektVerkehr/survey_app/images/Anlagenring/Stay/Anlagenring_20260610_185355813.jpg,/images/0/Stay/Anlagenring_20260610_185355813.jpg,0,2,5.0,0.5,0,1,5.0,0.5,0,1,5.0,0.5,0,1,5.0,0.5,0,1,6.650831051412409,0.26313153640103615,4,3
s23,Stay/Anlagenring_20260610_185941602.jpg,stay,Anlagenring,s25,/home/miguel/Documents/UNI/Master/2/ProjektVerkehr/survey_app/images/Anlagenring/Stay/Anlagenring_20260610_185941602.jpg,/images/0/Stay/Anlagenring_20260610_185941602.jpg,0,3,5.0,0.5,0,1,5.0,0.5,0,1,5.0,0.5,0,1,5.0,0.5,0,1,2.4025063557267052,0.28203726589583755,4,3
s24,Stay/Anlagenring_20260610_190107324.jpg,stay,Anlagenring,,/home/miguel/Documents/UNI/Master/2/ProjektVerkehr/survey_app/images/Anlagenring/Stay/Anlagenring_20260610_190107324.jpg,/images/0/Stay/Anlagenring_20260610_190107324.jpg,0,2,5.0,0.5,0,1,5.0,0.5,0,1,5.0,0.5,0,1,5.0,0.5,0,1,5.03402903996689,0.25385085458511364,5,3
s25,Stay/Anlagenring_20260610_190131458.jpg,stay,Anlagenring,s23,/home/miguel/Documents/UNI/Master/2/ProjektVerkehr/survey_app/images/Anlagenring/Stay/Anlagenring_20260610_190131458.jpg,/images/0/Stay/Anlagenring_20260610_190131458.jpg,0,1,5.0,0.5,0,1,5.0,0.5,0,1,5.0,0.5,0,1,5.0,0.5,0,1,4.309407888157924,0.19861670585620778,10,3
s26,Stay/Anlagenring_20260610_190235234.jpg,stay,Anlagenring,,/home/miguel/Documents/UNI/Master/2/ProjektVerkehr/survey_app/images/Anlagenring/Stay/Anlagenring_20260610_190235234.jpg,/images/0/Stay/Anlagenring_20260610_190235234.jpg,0,1,5.0,0.5,0,1,5.0,0.5,0,1,5.0,0.5,0,1,5.0,0.5,0,1,4.56253468986391,0.2399429919219782,7,3
s27,Stay/Anlagenring_20260610_191317880.jpg,stay,Anlagenring,,/home/miguel/Documents/UNI/Master/2/ProjektVerkehr/survey_app/images/Anlagenring/Stay/Anlagenring_20260610_191317880.jpg,/images/0/Stay/Anlagenring_20260610_191317880.jpg,0,2,5.0,0.5,0,1,5.0,0.5,0,1,5.0,0.5,0,1,5.0,0.5,0,1,5.055401574733677,0.2844399067207704,4,3
s28,Stay/Anlagenring_20260610_191335351.jpg,stay,Anlagenring,,/home/miguel/Documents/UNI/Master/2/ProjektVerkehr/survey_app/images/Anlagenring/Stay/Anlagenring_20260610_191335351.jpg,/images/0/Stay/Anlagenring_20260610_191335351.jpg,0,3,5.0,0.5,0,1,5.0,0.5,0,1,5.0,0.5,0,1,5.0,0.5,0,1,2.4008829502888274,0.29362230276448326,3,3
s29,Stay/Anlagenring_20260610_191407538.jpg,stay,Anlagenring,,/home/miguel/Documents/UNI/Master/2/ProjektVerkehr/survey_app/images/Anlagenring/Stay/Anlagenring_20260610_191407538.jpg,/images/0/Stay/Anlagenring_20260610_191407538.jpg,0,3,5.0,0.5,0,1,5.0,0.5,0,1,5.0,0.5,0,1,5.0,0.5,0,1,4.562939209383927,0.2476520364169946,5,3
s30,Stay/Anlagenring_20260610_191603523.jpg,stay,Anlagenring,,/home/miguel/Documents/UNI/Master/2/ProjektVerkehr/survey_app/images/Anlagenring/Stay/Anlagenring_20260610_191603523.jpg,/images/0/Stay/Anlagenring_20260610_191603523.jpg,0,1,5.0,0.5,0,1,5.0,0.5,0,1,5.0,0.5,0,1,5.0,0.5,0,1,7.046420315419778,0.23318995991501512,10,3
s31,Stay/Anlagenring_20260610_192139719.jpg,stay,Anlagenring,,/home/miguel/Documents/UNI/Master/2/ProjektVerkehr/survey_app/images/Anlagenring/Stay/Anlagenring_20260610_192139719.jpg,/images/0/Stay/Anlagenring_20260610_192139719.jpg,0,2,5.0,0.5,0,1,5.0,0.5,0,1,5.0,0.5,0,1,5.0,0.5,0,1,6.361487785065757,0.30921997359253817,3,3
s32,Stay/Anlagenring_20260610_192411849.jpg,stay,Anlagenring,s33,/home/miguel/Documents/UNI/Master/2/ProjektVerkehr/survey_app/images/Anlagenring/Stay/Anlagenring_20260610_192411849.jpg,/images/0/Stay/Anlagenring_20260610_192411849.jpg,0,2,5.0,0.5,0,1,5.0,0.5,0,1,5.0,0.5,0,1,5.0,0.5,0,1,4.142340290926007,0.2235170821458524,6,3
s33,Stay/Anlagenring_20260610_192649201.jpg,stay,Anlagenring,s32,/home/miguel/Documents/UNI/Master/2/ProjektVerkehr/survey_app/images/Anlagenring/Stay/Anlagenring_20260610_192649201.jpg,/images/0/Stay/Anlagenring_20260610_192649201.jpg,0,1,5.0,0.5,0,1,5.0,0.5,0,1,5.0,0.5,0,1,5.0,0.5,0,1,5.517925600015938,0.27192817624778765,5,3
s34,Stay/Anlagenring_20260610_192812598.jpg,stay,Anlagenring,,/home/miguel/Documents/UNI/Master/2/ProjektVerkehr/survey_app/images/Anlagenring/Stay/Anlagenring_20260610_192812598.jpg,/images/0/Stay/Anlagenring_20260610_192812598.jpg,0,1,5.0,0.5,0,1,5.0,0.5,0,1,5.0,0.5,0,1,5.0,0.5,0,1,7.6686839309466945,0.28663035345124804,5,3
s35,Stay/Anlagenring_20260610_192920236.jpg,stay,Anlagenring,,/home/miguel/Documents/UNI/Master/2/ProjektVerkehr/survey_app/images/Anlagenring/Stay/Anlagenring_20260610_192920236.jpg,/images/0/Stay/Anlagenring_20260610_192920236.jpg,0,2,5.0,0.5,0,1,5.0,0.5,0,1,5.0,0.5,0,1,5.0,0.5,0,1,3.791208108867864,0.29527823998750014,4,3
s36,Stay/Anlagenring_20260610_193104327.jpg,stay,Anlagenring,,/home/miguel/Documents/UNI/Master/2/ProjektVerkehr/survey_app/images/Anlagenring/Stay/Anlagenring_20260610_193104327.jpg,/images/0/Stay/Anlagenring_20260610_193104327.jpg,0,2,5.0,0.5,0,1,5.0,0.5,0,1,5.0,0.5,0,1,5.0,0.5,0,1,6.3547858763977265,0.2612305309118648,5,3
s37,Stay/Anlagenring_20260610_193219468.jpg,stay,Anlagenring,,/home/miguel/Documents/UNI/Master/2/ProjektVerkehr/survey_app/images/Anlagenring/Stay/Anlagenring_20260610_193219468.jpg,/images/0/Stay/Anlagenring_20260610_193219468.jpg,0,2,5.0,0.5,0,1,5.0,0.5,0,1,5.0,0.5,0,1,5.0,0.5,0,1,3.774075092722819,0.2213581706552686,8,3
s38,Stay/Anlagenring_20260610_193319133.jpg,stay,Anlagenring,,/home/miguel/Documents/UNI/Master/2/ProjektVerkehr/survey_app/images/Anlagenring/Stay/Anlagenring_20260610_193319133.jpg,/images/0/Stay/Anlagenring_20260610_193319133.jpg,0,1,5.0,0.5,0,1,5.0,0.5,0,1,5.0,0.5,0,1,5.0,0.5,0,1,4.471893009574807,0.2615582089346525,5,3
s39,Stay/Anlagenring_20260610_193357892.jpg,stay,Anlagenring,,/home/miguel/Documents/UNI/Master/2/ProjektVerkehr/survey_app/images/Anlagenring/Stay/Anlagenring_20260610_193357892.jpg,/images/0/Stay/Anlagenring_20260610_193357892.jpg,0,3,5.0,0.5,0,1,5.0,0.5,0,1,5.0,0.5,0,1,5.0,0.5,0,1,5.014836293097067,0.24747615026211292,5,3
s40,Stay/Anlagenring_20260610_193526471.jpg,stay,Anlagenring,,/home/miguel/Documents/UNI/Master/2/ProjektVerkehr/survey_app/images/Anlagenring/Stay/Anlagenring_20260610_193526471.jpg,/images/0/Stay/Anlagenring_20260610_193526471.jpg,0,3,5.0,0.5,0,1,5.0,0.5,0,1,5.0,0.5,0,1,5.0,0.5,0,1,7.3828129843790915,0.2881251975968216,4,3
s41,Stay/Anlagenring_20260610_193645847.jpg,stay,Anlagenring,,/home/miguel/Documents/UNI/Master/2/ProjektVerkehr/survey_app/images/Anlagenring/Stay/Anlagenring_20260610_193645847.jpg,/images/0/Stay/Anlagenring_20260610_193645847.jpg,0,3,5.0,0.5,0,1,5.0,0.5,0,1,5.0,0.5,0,1,5.0,0.5,0,1,2.548941703350207,0.24273937309380508,5,3
s42,Stay/Anlagenring_20260610_193815546.jpg,stay,Anlagenring,,/home/miguel/Documents/UNI/Master/2/ProjektVerkehr/survey_app/images/Anlagenring/Stay/Anlagenring_20260610_193815546.jpg,/images/0/Stay/Anlagenring_20260610_193815546.jpg,0,3,5.0,0.5,0,1,5.0,0.5,0,1,5.0,0.5,0,1,5.0,0.5,0,1,6.535207994662831,0.25463932775116255,4,3
s43,Stay/Anlagenring_20260610_194104433.jpg,stay,Anlagenring,,/home/miguel/Documents/UNI/Master/2/ProjektVerkehr/survey_app/images/Anlagenring/Stay/Anlagenring_20260610_194104433.jpg,/images/0/Stay/Anlagenring_20260610_194104433.jpg,0,2,5.0,0.5,0,1,5.0,0.5,0,1,5.0,0.5,0,1,5.0,0.5,0,1,6.693637564799511,0.28287512046801216,4,3
s44,Stay/Anlagenring_20260610_194206458.jpg,stay,Anlagenring,,/home/miguel/Documents/UNI/Master/2/ProjektVerkehr/survey_app/images/Anlagenring/Stay/Anlagenring_20260610_194206458.jpg,/images/0/Stay/Anlagenring_20260610_194206458.jpg,0,2,5.0,0.5,0,1,5.0,0.5,0,1,5.0,0.5,0,1,5.0,0.5,0,1,3.697786959716427,0.23148473707836473,6,3
s45,Stay/Anlagenring_20260610_194634058.jpg,stay,Anlagenring,,/home/miguel/Documents/UNI/Master/2/ProjektVerkehr/survey_app/images/Anlagenring/Stay/Anlagenring_20260610_194634058.jpg,/images/0/Stay/Anlagenring_20260610_194634058.jpg,0,1,5.0,0.5,0,1,5.0,0.5,0,1,5.0,0.5,0,1,5.0,0.5,0,1,5.750157778897934,0.2616888023781685,5,3
s46,Stay/Anlagenring_20260610_194931268.jpg,stay,Anlagenring,,/home/miguel/Documents/UNI/Master/2/ProjektVerkehr/survey_app/images/Anlagenring/Stay/Anlagenring_20260610_194931268.jpg,/images/0/Stay/Anlagenring_20260610_194931268.jpg,0,1,5.0,0.5,0,1,5.0,0.5,0,1,5.0,0.5,0,1,5.0,0.5,0,1,5.434605947732553,0.28789128480072856,5,3
s47,Stay/Anlagenring_20260610_195751310.jpg,stay,Anlagenring,,/home/miguel/Documents/UNI/Master/2/ProjektVerkehr/survey_app/images/Anlagenring/Stay/Anlagenring_20260610_195751310.jpg,/images/0/Stay/Anlagenring_20260610_195751310.jpg,0,2,5.0,0.5,0,1,5.0,0.5,0,1,5.0,0.5,0,1,5.0,0.5,0,1,6.184222897136834,0.2574181560091749,5,3
s48,Stay/Anlagenring_20260610_195947076.jpg,stay,Anlagenring,,/home/miguel/Documents/UNI/Master/2/ProjektVerkehr/survey_app/images/Anlagenring/Stay/Anlagenring_20260610_195947076.jpg,/images/0/Stay/Anlagenring_20260610_195947076.jpg,0,1,5.0,0.5,0,1,5.0,0.5,0,1,5.0,0.5,0,1,5.0,0.5,0,1,5.847450612624479,0.23630527337828666,7,3
s49,Stay/Anlagenring_20260610_200120852.jpg,stay,Anlagenring,,/home/miguel/Documents/UNI/Master/2/ProjektVerkehr/survey_app/images/Anlagenring/Stay/Anlagenring_20260610_200120852.jpg,/images/0/Stay/Anlagenring_20260610_200120852.jpg,0,2,5.0,0.5,0,1,5.0,0.5,0,1,5.0,0.5,0,1,5.0,0.5,0,1,5.308997192062689,0.27075546253837496,5,3
s50,Stay/Anlagenring_20260610_200928017.jpg,stay,Anlagenring,,/home/miguel/Documents/UNI/Master/2/ProjektVerkehr/survey_app/images/Anlagenring/Stay/Anlagenring_20260610_200928017.jpg,/images/0/Stay/Anlagenring_20260610_200928017.jpg,0,1,5.0,0.5,0,1,5.0,0.5,0,1,5.0,0.5,0,1,5.0,0.5,0,1,4.332392682977892,0.2644383302890468,6,3
s51,Stay/Anlagenring_20260610_201245414.jpg,stay,Anlagenring,,/home/miguel/Documents/UNI/Master/2/ProjektVerkehr/survey_app/images/Anlagenring/Stay/Anlagenring_20260610_201245414.jpg,/images/0/Stay/Anlagenring_20260610_201245414.jpg,0,2,5.0,0.5,0,1,5.0,0.5,0,1,5.0,0.5,0,1,5.0,0.5,0,1,6.196122363278535,0.2942876225228788,4,3
s52,Stay/Anlagenring_20260610_201405131.jpg,stay,Anlagenring,,/home/miguel/Documents/UNI/Master/2/ProjektVerkehr/survey_app/images/Anlagenring/Stay/Anlagenring_20260610_201405131.jpg,/images/0/Stay/Anlagenring_20260610_201405131.jpg,0,3,5.0,0.5,0,1,5.0,0.5,0,1,5.0,0.5,0,1,5.0,0.5,0,1,6.409175608143963,0.2941836460110421,4,3
s53,Stay/Anlagenring_20260610_201721056.jpg,stay,Anlagenring,,/home/miguel/Documents/UNI/Master/2/ProjektVerkehr/survey_app/images/Anlagenring/Stay/Anlagenring_20260610_201721056.jpg,/images/0/Stay/Anlagenring_20260610_201721056.jpg,0,2,5.0,0.5,0,1,5.0,0.5,0,1,5.0,0.5,0,1,5.0,0.5,0,1,3.705967020548809,0.30774146624869264,3,3
s54,Stay/Anlagenring_20260610_201808871.jpg,stay,Anlagenring,,/home/miguel/Documents/UNI/Master/2/ProjektVerkehr/survey_app/images/Anlagenring/Stay/Anlagenring_20260610_201808871.jpg,/images/0/Stay/Anlagenring_20260610_201808871.jpg,0,1,5.0,0.5,0,1,5.0,0.5,0,1,5.0,0.5,0,1,5.0,0.5,0,1,7.07277486153838,0.21184080084913667,9,3
s55,Stay/Anlagenring_20260610_201933087.jpg,stay,Anlagenring,,/home/miguel/Documents/UNI/Master/2/ProjektVerkehr/survey_app/images/Anlagenring/Stay/Anlagenring_20260610_201933087.jpg,/images/0/Stay/Anlagenring_20260610_201933087.jpg,0,3,5.0,0.5,0,1,5.0,0.5,0,1,5.0,0.5,0,1,5.0,0.5,0,1,5.137830275157448,0.2487191404190307,5,3
s56,Stay/Anlagenring_20260610_202843418.jpg,stay,Anlagenring,,/home/miguel/Documents/UNI/Master/2/ProjektVerkehr/survey_app/images/Anlagenring/Stay/Anlagenring_20260610_202843418.jpg,/images/0/Stay/Anlagenring_20260610_202843418.jpg,0,1,5.0,0.5,0,1,5.0,0.5,0,1,5.0,0.5,0,1,5.0,0.5,0,1,2.570789970480982,0.23315114457316688,8,3
g1,GruppeSafety/Bild_Sicherheit_1.png,walk,Anlagenring,g5,/home/miguel/Documents/UNI/Master/2/ProjektVerkehr/survey_app/images/Anlagenring/GruppeSafety/Bild_Sicherheit_1.png,/images/0/GruppeSafety/Bild_Sicherheit_1.png,0,1,5.0,0.5,0,1,2.639242723892329,0.30972195986680706,5,5,5.0,0.5,0,1,5.0,0.5,0,1,5.0,0.5,0,1
g2,GruppeSafety/Bild_Sicherheit_3.png,walk,Anlagenring,,/home/miguel/Documents/UNI/Master/2/ProjektVerkehr/survey_app/images/Anlagenring/GruppeSafety/Bild_Sicherheit_3.png,/images/0/GruppeSafety/Bild_Sicherheit_3.png,0,2,5.0,0.5,0,1,4.2936788365347756,0.3095899962062979,3,5,5.0,0.5,0,1,5.0,0.5,0,1,5.0,0.5,0,1
g3,GruppeSafety/Bild_Sicherheit_6.png,walk,Anlagenring,,/home/miguel/Documents/UNI/Master/2/ProjektVerkehr/survey_app/images/Anlagenring/GruppeSafety/Bild_Sicherheit_6.png,/images/0/GruppeSafety/Bild_Sicherheit_6.png,0,1,5.0,0.5,0,1,4.614569746545949,0.2545146049552343,7,5,5.0,0.5,0,1,5.0,0.5,0,1,5.0,0.5,0,1
g4,GruppeSafety/Bild_Sicherheit_8.png,walk,Anlagenring,,/home/miguel/Documents/UNI/Master/2/ProjektVerkehr/survey_app/images/Anlagenring/GruppeSafety/Bild_Sicherheit_8.png,/images/0/GruppeSafety/Bild_Sicherheit_8.png,0,4,5.0,0.5,0,1,4.676935774837814,0.3354045888219007,3,5,5.0,0.5,0,1,5.0,0.5,0,1,5.0,0.5,0,1
g5,GruppeSafety/Bild_Sicherheit_9.png,walk,Anlagenring,g1,/home/miguel/Documents/UNI/Master/2/ProjektVerkehr/survey_app/images/Anlagenring/GruppeSafety/Bild_Sicherheit_9.png,/images/0/GruppeSafety/Bild_Sicherheit_9.png,0,2,5.0,0.5,0,1,5.493452894215912,0.29875063756589215,4,5,5.0,0.5,0,1,5.0,0.5,0,1,5.0,0.5,0,1
g6,GruppeSafety/Bild_Sicherheit_15.png,walk,Anlagenring,,/home/miguel/Documents/UNI/Master/2/ProjektVerkehr/survey_app/images/Anlagenring/GruppeSafety/Bild_Sicherheit_15.png,/images/0/GruppeSafety/Bild_Sicherheit_15.png,0,5,5.0,0.5,0,1,4.627093459503999,0.3759966299697142,2,5,5.0,0.5,0,1,5.0,0.5,0,1,5.0,0.5,0,1
g7,GruppeSafety/Bild_Sicherheit_17.png,walk,Anlagenring,,/home/miguel/Documents/UNI/Master/2/ProjektVerkehr/survey_app/images/Anlagenring/GruppeSafety/Bild_Sicherheit_17.png,/images/0/GruppeSafety/Bild_Sicherheit_17.png,0,5,5.0,0.5,0,1,4.019242554831402,0.4127428594446652,1,5,5.0,0.5,0,1,5.0,0.5,0,1,5.0,0.5,0,1
g8,GruppeSafety/Bild_Sicherheit_4.png,bike,Anlagenring,,/home/miguel/Documents/UNI/Master/2/ProjektVerkehr/survey_app/images/Anlagenring/GruppeSafety/Bild_Sicherheit_4.png,/images/0/GruppeSafety/Bild_Sicherheit_4.png,0,1,5.0,0.5,0,1,5.0,0.5,0,1,5.1385636222573785,0.2638810396857658,6,5,5.0,0.5,0,1,5.0,0.5,0,1
g9,GruppeSafety/Bild_Sicherheit_5.png,bike,Anlagenring,,/home/miguel/Documents/UNI/Master/2/ProjektVerkehr/survey_app/images/Anlagenring/GruppeSafety/Bild_Sicherheit_5.png,/images/0/GruppeSafety/Bild_Sicherheit_5.png,0,2,5.0,0.5,0,1,5.0,0.5,0,1,6.168067461322667,0.2839882384130876,4,5,5.0,0.5,0,1,5.0,0.5,0,1
g10,GruppeSafety/Bild_Sicherheit_7.png,bike,Anlagenring,,/home/miguel/Documents/UNI/Master/2/ProjektVerkehr/survey_app/images/Anlagenring/GruppeSafety/Bild_Sicherheit_7.png,/images/0/GruppeSafety/Bild_Sicherheit_7.png,0,4,5.0,0.5,0,1,5.0,0.5,0,1,6.012914181302211,0.39527889679604905,2,5,5.0,0.5,0,1,5.0,0.5,0,1
g11,GruppeSafety/Bild_Sicherheit_16.png,bike,Anlagenring,,/home/miguel/Documents/UNI/Master/2/ProjektVerkehr/survey_app/images/Anlagenring/GruppeSafety/Bild_Sicherheit_16.png,/images/0/GruppeSafety/Bild_Sicherheit_16.png,0,4,5.0,0.5,0,1,5.0,0.5,0,1,4.210420215805914,0.31402537353686183,3,5,5.0,0.5,0,1,5.0,0.5,0,1
g12,GruppeSafety/Bild_Sicherheit_1.png,bike,Anlagenring,g16,/home/miguel/Documents/UNI/Master/2/ProjektVerkehr/survey_app/images/Anlagenring/GruppeSafety/Bild_Sicherheit_1.png,/images/0/GruppeSafety/Bild_Sicherheit_1.png,0,3,5.0,0.5,0,1,5.0,0.5,0,1,4.431554590084111,0.3072512254827714,3,5,5.0,0.5,0,1,5.0,0.5,0,1
g13,GruppeSafety/Bild_Sicherheit_3.png,bike,Anlagenring,,/home/miguel/Documents/UNI/Master/2/ProjektVerkehr/survey_app/images/Anlagenring/GruppeSafety/Bild_Sicherheit_3.png,/images/0/GruppeSafety/Bild_Sicherheit_3.png,0,5,5.0,0.5,0,1,5.0,0.5,0,1,4.780509915237373,0.3366809319483454,1,5,5.0,0.5,0,1,5.0,0.5,0,1
g14,GruppeSafety/Bild_Sicherheit_6.png,bike,Anlagenring,,/home/miguel/Documents/UNI/Master/2/ProjektVerkehr/survey_app/images/Anlagenring/GruppeSafety/Bild_Sicherheit_6.png,/images/0/GruppeSafety/Bild_Sicherheit_6.png,0,4,5.0,0.5,0,1,5.0,0.5,0,1,6.027893062728816,0.40369380220101203,1,5,5.0,0.5,0,1,5.0,0.5,0,1
g15,GruppeSafety/Bild_Sicherheit_8.png,bike,Anlagenring,,/home/miguel/Documents/UNI/Master/2/ProjektVerkehr/survey_app/images/Anlagenring/GruppeSafety/Bild_Sicherheit_8.png,/images/0/GruppeSafety/Bild_Sicherheit_8.png,0,1,5.0,0.5,0,1,5.0,0.5,0,1,3.27304383315233,0.2800879119663431,7,5,5.0,0.5,0,1,5.0,0.5,0,1
g16,GruppeSafety/Bild_Sicherheit_9.png,bike,Anlagenring,g12,/home/miguel/Documents/UNI/Master/2/ProjektVerkehr/survey_app/images/Anlagenring/GruppeSafety/Bild_Sicherheit_9.png,/images/0/GruppeSafety/Bild_Sicherheit_9.png,0,3,5.0,0.5,0,1,5.0,0.5,0,1,5.956936519735171,0.4071288465532487,1,5,5.0,0.5,0,1,5.0,0.5,0,1
g17,GruppeSafety/Bild_Sicherheit_15.png,bike,Anlagenring,,/home/miguel/Documents/UNI/Master/2/ProjektVerkehr/survey_app/images/Anlagenring/GruppeSafety/Bild_Sicherheit_15.png,/images/0/GruppeSafety/Bild_Sicherheit_15.png,0,3,5.0,0.5,0,1,5.0,0.5,0,1,5.428575339578947,0.28885022827134454,3,5,5.0,0.5,0,1,5.0,0.5,0,1
g18,GruppeSafety/Bild_Sicherheit_17.png,bike,Anlagenring,,/home/miguel/Documents/UNI/Master/2/ProjektVerkehr/survey_app/images/Anlagenring/GruppeSafety/Bild_Sicherheit_17.png,/images/0/GruppeSafety/Bild_Sicherheit_17.png,0,1,5.0,0.5,0,1,5.0,0.5,0,1,5.864834632838784,0.26659389648793813,6,5,5.0,0.5,0,1,5.0,0.5,0,1
