_id,img_id,path,img_type,scenario,incompatible_ids,_serve_path,_abs_path,_img_source_idx,batch_id,score_walk-preference,uncertainty_walk-preference,n_answers_walk-preference,active_batch_walk-preference,score_start,uncertainty_start,n_answers_start,active_batch_start,score_bike-preference,uncertainty_bike-preference,n_answers_bike-preference,active_batch_bike-preference,score_stay-preference,uncertainty_stay-preference,n_answers_stay-preference,active_batch_stay-preference,score_general-preference,uncertainty_general-preference,n_answers_general-preference,active_batch_general-preference
{'$oid': '6a2e74efa21d4516033c83d4'},t1,1.jpg,start,Anlagenring,nan,/images/0/1.jpg,/home/miguelup/survey_app/images/Anlagenring/1.jpg,0,1,5.0,0.5,0,1,5.723553815608855,0.11191670268660145,31,1,5.0,0.5,0,1,5.0,0.5,0,1,5.0,0.5,0,1
{'$oid': '6a2e74efa21d4516033c83d5'},t2,2.jpg,start,Anlagenring,nan,/images/0/2.jpg,/home/miguelup/survey_app/images/Anlagenring/2.jpg,0,1,5.0,0.5,0,1,4.276446184391142,0.11191670268660145,31,1,5.0,0.5,0,1,5.0,0.5,0,1,5.0,0.5,0,1
{'$oid': '6a2e74efa21d4516033c83d6'},w1,Walk/Anlagenring_20260610_181433710.jpg,walk,Anlagenring,nan,/images/0/Walk/Anlagenring_20260610_181433710.jpg,/home/miguelup/survey_app/images/Anlagenring/Walk/Anlagenring_20260610_181433710.jpg,0,4,6.255682909564103,0.2594643871615713,5,2,5.0,0.5,0,1,5.0,0.5,0,1,5.0,0.5,0,1,5.0,0.5,0,1
{'$oid': '6a2e74efa21d4516033c83d7'},w2,Walk/Anlagenring_20260610_181727007.jpg,walk,Anlagenring,nan,/images/0/Walk/Anlagenring_20260610_181727007.jpg,/home/miguelup/survey_app/images/Anlagenring/Walk/Anlagenring_20260610_181727007.jpg,0,2,6.451001293380367,0.21698244253308477,8,2,5.0,0.5,0,1,5.0,0.5,0,1,5.0,0.5,0,1,5.0,0.5,0,1
{'$oid': '6a2e74efa21d4516033c83d8'},w3,Walk/Anlagenring_20260610_181908946.jpg,walk,Anlagenring,nan,/images/0/Walk/Anlagenring_20260610_181908946.jpg,/home/miguelup/survey_app/images/Anlagenring/Walk/Anlagenring_20260610_181908946.jpg,0,4,6.613464879973816,0.2500653270794901,6,2,5.0,0.5,0,1,5.0,0.5,0,1,5.0,0.5,0,1,5.0,0.5,0,1
{'$oid': '6a2e74efa21d4516033c83d9'},w4,Walk/Anlagenring_20260610_181938325.jpg,walk,Anlagenring,nan,/images/0/Walk/Anlagenring_20260610_181938325.jpg,/home/miguelup/survey_app/images/Anlagenring/Walk/Anlagenring_20260610_181938325.jpg,0,3,7.547213016398767,0.2664170459283681,5,2,5.0,0.5,0,1,5.0,0.5,0,1,5.0,0.5,0,1,5.0,0.5,0,1
{'$oid': '6a2e74efa21d4516033c83da'},w5,Walk/Anlagenring_20260610_182558647.jpg,walk,Anlagenring,w6,/images/0/Walk/Anlagenring_20260610_182558647.jpg,/home/miguelup/survey_app/images/Anlagenring/Walk/Anlagenring_20260610_182558647.jpg,0,4,5.993295085486228,0.24264676865637144,6,2,5.0,0.5,0,1,5.0,0.5,0,1,5.0,0.5,0,1,5.0,0.5,0,1
{'$oid': '6a2e74efa21d4516033c83db'},w6,Walk/Anlagenring_20260610_182742074.jpg,walk,Anlagenring,w5,/images/0/Walk/Anlagenring_20260610_182742074.jpg,/home/miguelup/survey_app/images/Anlagenring/Walk/Anlagenring_20260610_182742074.jpg,0,3,7.2678062197569275,0.2310585760312985,10,2,5.0,0.5,0,1,5.0,0.5,0,1,5.0,0.5,0,1,5.0,0.5,0,1
{'$oid': '6a2e74efa21d4516033c83dc'},w7,Walk/Anlagenring_20260610_182838468.jpg,walk,Anlagenring,nan,/images/0/Walk/Anlagenring_20260610_182838468.jpg,/home/miguelup/survey_app/images/Anlagenring/Walk/Anlagenring_20260610_182838468.jpg,0,1,5.000456472664299,0.1945412277682314,10,2,5.0,0.5,0,1,5.0,0.5,0,1,5.0,0.5,0,1,5.0,0.5,0,1
{'$oid': '6a2e74efa21d4516033c83dd'},w8,Walk/Anlagenring_20260610_182940336.jpg,walk,Anlagenring,nan,/images/0/Walk/Anlagenring_20260610_182940336.jpg,/home/miguelup/survey_app/images/Anlagenring/Walk/Anlagenring_20260610_182940336.jpg,0,4,5.21287290660772,0.23844927176107253,6,2,5.0,0.5,0,1,5.0,0.5,0,1,5.0,0.5,0,1,5.0,0.5,0,1
{'$oid': '6a2e74efa21d4516033c83de'},w9,Walk/Anlagenring_20260610_183057209.jpg,walk,Anlagenring,nan,/images/0/Walk/Anlagenring_20260610_183057209.jpg,/home/miguelup/survey_app/images/Anlagenring/Walk/Anlagenring_20260610_183057209.jpg,0,3,4.382256175068517,0.21563955859577763,8,2,5.0,0.5,0,1,5.0,0.5,0,1,5.0,0.5,0,1,5.0,0.5,0,1
{'$oid': '6a2e74efa21d4516033c83df'},w10,Walk/Anlagenring_20260610_183120063.jpg,walk,Anlagenring,nan,/images/0/Walk/Anlagenring_20260610_183120063.jpg,/home/miguelup/survey_app/images/Anlagenring/Walk/Anlagenring_20260610_183120063.jpg,0,1,4.446536651569359,0.25114797225797536,5,2,5.0,0.5,0,1,5.0,0.5,0,1,5.0,0.5,0,1,5.0,0.5,0,1
{'$oid': '6a2e74efa21d4516033c83e0'},w11,Walk/Anlagenring_20260610_183409296.jpg,walk,Anlagenring,nan,/images/0/Walk/Anlagenring_20260610_183409296.jpg,/home/miguelup/survey_app/images/Anlagenring/Walk/Anlagenring_20260610_183409296.jpg,0,2,6.561546671658219,0.25528426729458764,6,2,5.0,0.5,0,1,5.0,0.5,0,1,5.0,0.5,0,1,5.0,0.5,0,1
{'$oid': '6a2e74efa21d4516033c83e1'},w12,Walk/Anlagenring_20260610_183444268.jpg,walk,Anlagenring,nan,/images/0/Walk/Anlagenring_20260610_183444268.jpg,/home/miguelup/survey_app/images/Anlagenring/Walk/Anlagenring_20260610_183444268.jpg,0,5,3.947500334847606,0.2699109222445044,5,2,5.0,0.5,0,1,5.0,0.5,0,1,5.0,0.5,0,1,5.0,0.5,0,1
{'$oid': '6a2e74efa21d4516033c83e2'},w13,Walk/Anlagenring_20260610_183805109.jpg,walk,Anlagenring,nan,/images/0/Walk/Anlagenring_20260610_183805109.jpg,/home/miguelup/survey_app/images/Anlagenring/Walk/Anlagenring_20260610_183805109.jpg,0,5,6.2963808984120435,0.27224559795699804,6,2,5.0,0.5,0,1,5.0,0.5,0,1,5.0,0.5,0,1,5.0,0.5,0,1
{'$oid': '6a2e74efa21d4516033c83e3'},w14,Walk/Anlagenring_20260610_183946741.jpg,walk,Anlagenring,w15,/images/0/Walk/Anlagenring_20260610_183946741.jpg,/home/miguelup/survey_app/images/Anlagenring/Walk/Anlagenring_20260610_183946741.jpg,0,1,4.936074705432343,0.18787499186664208,8,2,5.0,0.5,0,1,5.0,0.5,0,1,5.0,0.5,0,1,5.0,0.5,0,1
{'$oid': '6a2e74efa21d4516033c83e4'},w15,Walk/Anlagenring_20260610_184053438.jpg,walk,Anlagenring,w14,/images/0/Walk/Anlagenring_20260610_184053438.jpg,/home/miguelup/survey_app/images/Anlagenring/Walk/Anlagenring_20260610_184053438.jpg,0,5,4.364113737641261,0.24482303040558526,6,2,5.0,0.5,0,1,5.0,0.5,0,1,5.0,0.5,0,1,5.0,0.5,0,1
{'$oid': '6a2e74efa21d4516033c83e5'},w16,Walk/Anlagenring_20260610_184334497.jpg,walk,Anlagenring,w17,/images/0/Walk/Anlagenring_20260610_184334497.jpg,/home/miguelup/survey_app/images/Anlagenring/Walk/Anlagenring_20260610_184334497.jpg,0,2,6.4345971933851605,0.21868846080879334,10,2,5.0,0.5,0,1,5.0,0.5,0,1,5.0,0.5,0,1,5.0,0.5,0,1
{'$oid': '6a2e74efa21d4516033c83e6'},w17,Walk/Anlagenring_20260610_184424079.jpg,walk,Anlagenring,w16,/images/0/Walk/Anlagenring_20260610_184424079.jpg,/home/miguelup/survey_app/images/Anlagenring/Walk/Anlagenring_20260610_184424079.jpg,0,5,5.7126490241811165,0.23707101445934337,7,2,5.0,0.5,0,1,5.0,0.5,0,1,5.0,0.5,0,1,5.0,0.5,0,1
{'$oid': '6a2e74efa21d4516033c83e7'},w18,Walk/Anlagenring_20260610_184508714.jpg,walk,Anlagenring,nan,/images/0/Walk/Anlagenring_20260610_184508714.jpg,/home/miguelup/survey_app/images/Anlagenring/Walk/Anlagenring_20260610_184508714.jpg,0,1,6.301540077267463,0.2109198233356256,8,2,5.0,0.5,0,1,5.0,0.5,0,1,5.0,0.5,0,1,5.0,0.5,0,1
{'$oid': '6a2e74efa21d4516033c83e8'},w19,Walk/Anlagenring_20260610_184636935.jpg,walk,Anlagenring,nan,/images/0/Walk/Anlagenring_20260610_184636935.jpg,/home/miguelup/survey_app/images/Anlagenring/Walk/Anlagenring_20260610_184636935.jpg,0,4,5.927352865346004,0.25059302523560095,5,2,5.0,0.5,0,1,5.0,0.5,0,1,5.0,0.5,0,1,5.0,0.5,0,1
{'$oid': '6a2e74efa21d4516033c83e9'},w20,Walk/Anlagenring_20260610_184803495.jpg,walk,Anlagenring,w21,/images/0/Walk/Anlagenring_20260610_184803495.jpg,/home/miguelup/survey_app/images/Anlagenring/Walk/Anlagenring_20260610_184803495.jpg,0,5,6.139723012078579,0.26275403027402155,5,2,5.0,0.5,0,1,5.0,0.5,0,1,5.0,0.5,0,1,5.0,0.5,0,1
{'$oid': '6a2e74efa21d4516033c83ea'},w21,Walk/Anlagenring_20260610_184900185.jpg,walk,Anlagenring,w20,/images/0/Walk/Anlagenring_20260610_184900185.jpg,/home/miguelup/survey_app/images/Anlagenring/Walk/Anlagenring_20260610_184900185.jpg,0,3,6.7117450129932035,0.27753231371360626,4,2,5.0,0.5,0,1,5.0,0.5,0,1,5.0,0.5,0,1,5.0,0.5,0,1
{'$oid': '6a2e74efa21d4516033c83eb'},w22,Walk/Anlagenring_20260610_185005695.jpg,walk,Anlagenring,nan,/images/0/Walk/Anlagenring_20260610_185005695.jpg,/home/miguelup/survey_app/images/Anlagenring/Walk/Anlagenring_20260610_185005695.jpg,0,1,6.538513540339987,0.2055106407832857,10,2,5.0,0.5,0,1,5.0,0.5,0,1,5.0,0.5,0,1,5.0,0.5,0,1
{'$oid': '6a2e74efa21d4516033c83ec'},w23,Walk/Anlagenring_20260610_185112353.jpg,walk,Anlagenring,nan,/images/0/Walk/Anlagenring_20260610_185112353.jpg,/home/miguelup/survey_app/images/Anlagenring/Walk/Anlagenring_20260610_185112353.jpg,0,4,4.805945404677174,0.23761449952085587,6,2,5.0,0.5,0,1,5.0,0.5,0,1,5.0,0.5,0,1,5.0,0.5,0,1
{'$oid': '6a2e74efa21d4516033c83ed'},w24,Walk/Anlagenring_20260610_185212092.jpg,walk,Anlagenring,nan,/images/0/Walk/Anlagenring_20260610_185212092.jpg,/home/miguelup/survey_app/images/Anlagenring/Walk/Anlagenring_20260610_185212092.jpg,0,4,5.236249978246146,0.21206561983719757,8,2,5.0,0.5,0,1,5.0,0.5,0,1,5.0,0.5,0,1,5.0,0.5,0,1
{'$oid': '6a2e74efa21d4516033c83ee'},w25,Walk/Anlagenring_20260610_185611028.jpg,walk,Anlagenring,nan,/images/0/Walk/Anlagenring_20260610_185611028.jpg,/home/miguelup/survey_app/images/Anlagenring/Walk/Anlagenring_20260610_185611028.jpg,0,5,4.236762297599657,0.2797944739841657,5,2,5.0,0.5,0,1,5.0,0.5,0,1,5.0,0.5,0,1,5.0,0.5,0,1
{'$oid': '6a2e74efa21d4516033c83ef'},w26,Walk/Anlagenring_20260610_185718181.jpg,walk,Anlagenring,nan,/images/0/Walk/Anlagenring_20260610_185718181.jpg,/home/miguelup/survey_app/images/Anlagenring/Walk/Anlagenring_20260610_185718181.jpg,0,3,3.402848906136767,0.26145040653506657,5,2,5.0,0.5,0,1,5.0,0.5,0,1,5.0,0.5,0,1,5.0,0.5,0,1
{'$oid': '6a2e74efa21d4516033c83f0'},w27,Walk/Anlagenring_20260610_185916511.jpg,walk,Anlagenring,nan,/images/0/Walk/Anlagenring_20260610_185916511.jpg,/home/miguelup/survey_app/images/Anlagenring/Walk/Anlagenring_20260610_185916511.jpg,0,2,3.1907359053887507,0.23382040390495812,9,2,5.0,0.5,0,1,5.0,0.5,0,1,5.0,0.5,0,1,5.0,0.5,0,1
{'$oid': '6a2e74efa21d4516033c83f1'},w28,Walk/Anlagenring_20260610_190020172.jpg,walk,Anlagenring,w29,/images/0/Walk/Anlagenring_20260610_190020172.jpg,/home/miguelup/survey_app/images/Anlagenring/Walk/Anlagenring_20260610_190020172.jpg,0,2,3.9936993083348598,0.23057106974514716,7,2,5.0,0.5,0,1,5.0,0.5,0,1,5.0,0.5,0,1,5.0,0.5,0,1
{'$oid': '6a2e74efa21d4516033c83f2'},w29,Walk/Anlagenring_20260610_190107324.jpg,walk,Anlagenring,w28,/images/0/Walk/Anlagenring_20260610_190107324.jpg,/home/miguelup/survey_app/images/Anlagenring/Walk/Anlagenring_20260610_190107324.jpg,0,3,7.057299634081184,0.2562994804248793,5,2,5.0,0.5,0,1,5.0,0.5,0,1,5.0,0.5,0,1,5.0,0.5,0,1
{'$oid': '6a2e74efa21d4516033c83f3'},w30,Walk/Anlagenring_20260610_190131458.jpg,walk,Anlagenring,nan,/images/0/Walk/Anlagenring_20260610_190131458.jpg,/home/miguelup/survey_app/images/Anlagenring/Walk/Anlagenring_20260610_190131458.jpg,0,4,5.450287013224372,0.2824081489194919,4,2,5.0,0.5,0,1,5.0,0.5,0,1,5.0,0.5,0,1,5.0,0.5,0,1
{'$oid': '6a2e74efa21d4516033c83f4'},w31,Walk/Anlagenring_20260610_190313835.jpg,walk,Anlagenring,nan,/images/0/Walk/Anlagenring_20260610_190313835.jpg,/home/miguelup/survey_app/images/Anlagenring/Walk/Anlagenring_20260610_190313835.jpg,0,4,5.654421116814014,0.2402023220554276,6,2,5.0,0.5,0,1,5.0,0.5,0,1,5.0,0.5,0,1,5.0,0.5,0,1
{'$oid': '6a2e74efa21d4516033c83f5'},w32,Walk/Anlagenring_20260610_190400330.jpg,walk,Anlagenring,nan,/images/0/Walk/Anlagenring_20260610_190400330.jpg,/home/miguelup/survey_app/images/Anlagenring/Walk/Anlagenring_20260610_190400330.jpg,0,1,4.112305255811021,0.21983701806494538,7,2,5.0,0.5,0,1,5.0,0.5,0,1,5.0,0.5,0,1,5.0,0.5,0,1
{'$oid': '6a2e74efa21d4516033c83f6'},w33,Walk/Anlagenring_20260610_190701348.jpg,walk,Anlagenring,nan,/images/0/Walk/Anlagenring_20260610_190701348.jpg,/home/miguelup/survey_app/images/Anlagenring/Walk/Anlagenring_20260610_190701348.jpg,0,1,4.535185626899537,0.19887560040583419,10,2,5.0,0.5,0,1,5.0,0.5,0,1,5.0,0.5,0,1,5.0,0.5,0,1
{'$oid': '6a2e74efa21d4516033c83f7'},w34,Walk/Anlagenring_20260610_190726317.jpg,walk,Anlagenring,nan,/images/0/Walk/Anlagenring_20260610_190726317.jpg,/home/miguelup/survey_app/images/Anlagenring/Walk/Anlagenring_20260610_190726317.jpg,0,3,4.647456892611734,0.24420365445561226,7,2,5.0,0.5,0,1,5.0,0.5,0,1,5.0,0.5,0,1,5.0,0.5,0,1
{'$oid': '6a2e74efa21d4516033c83f8'},w35,Walk/Anlagenring_20260610_190819053.jpg,walk,Anlagenring,w36,/images/0/Walk/Anlagenring_20260610_190819053.jpg,/home/miguelup/survey_app/images/Anlagenring/Walk/Anlagenring_20260610_190819053.jpg,0,1,3.8118189112992282,0.24069936720114743,8,2,5.0,0.5,0,1,5.0,0.5,0,1,5.0,0.5,0,1,5.0,0.5,0,1
{'$oid': '6a2e74efa21d4516033c83f9'},w36,Walk/Anlagenring_20260610_190900914.jpg,walk,Anlagenring,w35,/images/0/Walk/Anlagenring_20260610_190900914.jpg,/home/miguelup/survey_app/images/Anlagenring/Walk/Anlagenring_20260610_190900914.jpg,0,2,4.503531769794174,0.27505112417404376,5,2,5.0,0.5,0,1,5.0,0.5,0,1,5.0,0.5,0,1,5.0,0.5,0,1
{'$oid': '6a2e74efa21d4516033c83fa'},w37,Walk/Anlagenring_20260610_191009709.jpg,walk,Anlagenring,nan,/images/0/Walk/Anlagenring_20260610_191009709.jpg,/home/miguelup/survey_app/images/Anlagenring/Walk/Anlagenring_20260610_191009709.jpg,0,2,4.638261797862169,0.22109280808496048,8,2,5.0,0.5,0,1,5.0,0.5,0,1,5.0,0.5,0,1,5.0,0.5,0,1
{'$oid': '6a2e74efa21d4516033c83fb'},w38,Walk/Anlagenring_20260610_191200939.jpg,walk,Anlagenring,nan,/images/0/Walk/Anlagenring_20260610_191200939.jpg,/home/miguelup/survey_app/images/Anlagenring/Walk/Anlagenring_20260610_191200939.jpg,0,2,6.921315016277622,0.21466430423311972,7,2,5.0,0.5,0,1,5.0,0.5,0,1,5.0,0.5,0,1,5.0,0.5,0,1
{'$oid': '6a2e74efa21d4516033c83fc'},w39,Walk/Anlagenring_20260610_191317880.jpg,walk,Anlagenring,nan,/images/0/Walk/Anlagenring_20260610_191317880.jpg,/home/miguelup/survey_app/images/Anlagenring/Walk/Anlagenring_20260610_191317880.jpg,0,4,7.139566692568176,0.22386005909519574,6,2,5.0,0.5,0,1,5.0,0.5,0,1,5.0,0.5,0,1,5.0,0.5,0,1
{'$oid': '6a2e74efa21d4516033c83fd'},w40,Walk/Anlagenring_20260610_191424555.jpg,walk,Anlagenring,nan,/images/0/Walk/Anlagenring_20260610_191424555.jpg,/home/miguelup/survey_app/images/Anlagenring/Walk/Anlagenring_20260610_191424555.jpg,0,4,5.702787634802492,0.2685190022487867,4,2,5.0,0.5,0,1,5.0,0.5,0,1,5.0,0.5,0,1,5.0,0.5,0,1
{'$oid': '6a2e74efa21d4516033c83fe'},w41,Walk/Anlagenring_20260610_192139719.jpg,walk,Anlagenring,nan,/images/0/Walk/Anlagenring_20260610_192139719.jpg,/home/miguelup/survey_app/images/Anlagenring/Walk/Anlagenring_20260610_192139719.jpg,0,5,4.558372297683106,0.2669241570090926,4,2,5.0,0.5,0,1,5.0,0.5,0,1,5.0,0.5,0,1,5.0,0.5,0,1
{'$oid': '6a2e74efa21d4516033c83ff'},w42,Walk/Anlagenring_20260610_192411849.jpg,walk,Anlagenring,w43,/images/0/Walk/Anlagenring_20260610_192411849.jpg,/home/miguelup/survey_app/images/Anlagenring/Walk/Anlagenring_20260610_192411849.jpg,0,4,6.199519749920961,0.24657711707665367,5,2,5.0,0.5,0,1,5.0,0.5,0,1,5.0,0.5,0,1,5.0,0.5,0,1
{'$oid': '6a2e74efa21d4516033c8400'},w43,Walk/Anlagenring_20260610_192649201.jpg,walk,Anlagenring,w42,/images/0/Walk/Anlagenring_20260610_192649201.jpg,/home/miguelup/survey_app/images/Anlagenring/Walk/Anlagenring_20260610_192649201.jpg,0,2,6.23796902698968,0.21276361071720756,9,2,5.0,0.5,0,1,5.0,0.5,0,1,5.0,0.5,0,1,5.0,0.5,0,1
{'$oid': '6a2e74efa21d4516033c8401'},w44,Walk/Anlagenring_20260610_192950472.jpg,walk,Anlagenring,w45,/images/0/Walk/Anlagenring_20260610_192950472.jpg,/home/miguelup/survey_app/images/Anlagenring/Walk/Anlagenring_20260610_192950472.jpg,0,3,6.804873444513085,0.228252851039238,10,2,5.0,0.5,0,1,5.0,0.5,0,1,5.0,0.5,0,1,5.0,0.5,0,1
{'$oid': '6a2e74efa21d4516033c8402'},w45,Walk/Anlagenring_20260610_193219468.jpg,walk,Anlagenring,w44,/images/0/Walk/Anlagenring_20260610_193219468.jpg,/home/miguelup/survey_app/images/Anlagenring/Walk/Anlagenring_20260610_193219468.jpg,0,3,5.041083140297547,0.2627300274019685,4,2,5.0,0.5,0,1,5.0,0.5,0,1,5.0,0.5,0,1,5.0,0.5,0,1
{'$oid': '6a2e74efa21d4516033c8403'},w46,Walk/Anlagenring_20260610_193319133.jpg,walk,Anlagenring,nan,/images/0/Walk/Anlagenring_20260610_193319133.jpg,/home/miguelup/survey_app/images/Anlagenring/Walk/Anlagenring_20260610_193319133.jpg,0,2,6.634553925838993,0.23471580937583672,7,2,5.0,0.5,0,1,5.0,0.5,0,1,5.0,0.5,0,1,5.0,0.5,0,1
{'$oid': '6a2e74efa21d4516033c8404'},w47,Walk/Anlagenring_20260610_193526471.jpg,walk,Anlagenring,nan,/images/0/Walk/Anlagenring_20260610_193526471.jpg,/home/miguelup/survey_app/images/Anlagenring/Walk/Anlagenring_20260610_193526471.jpg,0,4,6.03988244517145,0.2602757531818367,3,2,5.0,0.5,0,1,5.0,0.5,0,1,5.0,0.5,0,1,5.0,0.5,0,1
{'$oid': '6a2e74efa21d4516033c8405'},w48,Walk/Anlagenring_20260610_193645847.jpg,walk,Anlagenring,nan,/images/0/Walk/Anlagenring_20260610_193645847.jpg,/home/miguelup/survey_app/images/Anlagenring/Walk/Anlagenring_20260610_193645847.jpg,0,3,4.790045306420861,0.2295333411680322,5,2,5.0,0.5,0,1,5.0,0.5,0,1,5.0,0.5,0,1,5.0,0.5,0,1
{'$oid': '6a2e74efa21d4516033c8406'},w49,Walk/Anlagenring_20260610_193739746.jpg,walk,Anlagenring,nan,/images/0/Walk/Anlagenring_20260610_193739746.jpg,/home/miguelup/survey_app/images/Anlagenring/Walk/Anlagenring_20260610_193739746.jpg,0,2,3.1617871440715763,0.2922361964365788,6,2,5.0,0.5,0,1,5.0,0.5,0,1,5.0,0.5,0,1,5.0,0.5,0,1
{'$oid': '6a2e74efa21d4516033c8407'},w50,Walk/Anlagenring_20260610_193815546.jpg,walk,Anlagenring,nan,/images/0/Walk/Anlagenring_20260610_193815546.jpg,/home/miguelup/survey_app/images/Anlagenring/Walk/Anlagenring_20260610_193815546.jpg,0,2,6.324394898463155,0.1828548946803374,13,2,5.0,0.5,0,1,5.0,0.5,0,1,5.0,0.5,0,1,5.0,0.5,0,1
{'$oid': '6a2e74efa21d4516033c8408'},w51,Walk/Anlagenring_20260610_194104433.jpg,walk,Anlagenring,nan,/images/0/Walk/Anlagenring_20260610_194104433.jpg,/home/miguelup/survey_app/images/Anlagenring/Walk/Anlagenring_20260610_194104433.jpg,0,4,5.729321429817844,0.2702771221835963,5,2,5.0,0.5,0,1,5.0,0.5,0,1,5.0,0.5,0,1,5.0,0.5,0,1
{'$oid': '6a2e74efa21d4516033c8409'},w52,Walk/Anlagenring_20260610_194535579.jpg,walk,Anlagenring,nan,/images/0/Walk/Anlagenring_20260610_194535579.jpg,/home/miguelup/survey_app/images/Anlagenring/Walk/Anlagenring_20260610_194535579.jpg,0,1,2.841360396517726,0.21846160097353895,9,2,5.0,0.5,0,1,5.0,0.5,0,1,5.0,0.5,0,1,5.0,0.5,0,1
{'$oid': '6a2e74efa21d4516033c840a'},w53,Walk/Anlagenring_20260610_194634058.jpg,walk,Anlagenring,nan,/images/0/Walk/Anlagenring_20260610_194634058.jpg,/home/miguelup/survey_app/images/Anlagenring/Walk/Anlagenring_20260610_194634058.jpg,0,1,5.786301810986801,0.2385181377489746,7,2,5.0,0.5,0,1,5.0,0.5,0,1,5.0,0.5,0,1,5.0,0.5,0,1
{'$oid': '6a2e74efa21d4516033c840b'},w54,Walk/Anlagenring_20260610_194800019.jpg,walk,Anlagenring,nan,/images/0/Walk/Anlagenring_20260610_194800019.jpg,/home/miguelup/survey_app/images/Anlagenring/Walk/Anlagenring_20260610_194800019.jpg,0,5,5.04744972979868,0.2655919668913081,6,2,5.0,0.5,0,1,5.0,0.5,0,1,5.0,0.5,0,1,5.0,0.5,0,1
{'$oid': '6a2e74efa21d4516033c840c'},w55,Walk/Anlagenring_20260610_194931268.jpg,walk,Anlagenring,nan,/images/0/Walk/Anlagenring_20260610_194931268.jpg,/home/miguelup/survey_app/images/Anlagenring/Walk/Anlagenring_20260610_194931268.jpg,0,1,4.742329283702119,0.19971413541758212,8,2,5.0,0.5,0,1,5.0,0.5,0,1,5.0,0.5,0,1,5.0,0.5,0,1
{'$oid': '6a2e74efa21d4516033c840d'},w56,Walk/Anlagenring_20260610_195007357.jpg,walk,Anlagenring,nan,/images/0/Walk/Anlagenring_20260610_195007357.jpg,/home/miguelup/survey_app/images/Anlagenring/Walk/Anlagenring_20260610_195007357.jpg,0,1,5.010308510430258,0.18381748924987681,10,2,5.0,0.5,0,1,5.0,0.5,0,1,5.0,0.5,0,1,5.0,0.5,0,1
{'$oid': '6a2e74efa21d4516033c840e'},w57,Walk/Anlagenring_20260610_195228146.jpg,walk,Anlagenring,nan,/images/0/Walk/Anlagenring_20260610_195228146.jpg,/home/miguelup/survey_app/images/Anlagenring/Walk/Anlagenring_20260610_195228146.jpg,0,2,5.5654898719242745,0.2036208902014574,8,2,5.0,0.5,0,1,5.0,0.5,0,1,5.0,0.5,0,1,5.0,0.5,0,1
{'$oid': '6a2e74efa21d4516033c840f'},w58,Walk/Anlagenring_20260610_195656507.jpg,walk,Anlagenring,nan,/images/0/Walk/Anlagenring_20260610_195656507.jpg,/home/miguelup/survey_app/images/Anlagenring/Walk/Anlagenring_20260610_195656507.jpg,0,4,6.50971582359698,0.2384780516573204,7,2,5.0,0.5,0,1,5.0,0.5,0,1,5.0,0.5,0,1,5.0,0.5,0,1
{'$oid': '6a2e74efa21d4516033c8410'},w59,Walk/Anlagenring_20260610_195751310.jpg,walk,Anlagenring,nan,/images/0/Walk/Anlagenring_20260610_195751310.jpg,/home/miguelup/survey_app/images/Anlagenring/Walk/Anlagenring_20260610_195751310.jpg,0,4,6.054121156165452,0.25404052092943136,7,2,5.0,0.5,0,1,5.0,0.5,0,1,5.0,0.5,0,1,5.0,0.5,0,1
{'$oid': '6a2e74efa21d4516033c8411'},w60,Walk/Anlagenring_20260610_200120852.jpg,walk,Anlagenring,nan,/images/0/Walk/Anlagenring_20260610_200120852.jpg,/home/miguelup/survey_app/images/Anlagenring/Walk/Anlagenring_20260610_200120852.jpg,0,4,6.59292254473834,0.27484059778050185,4,2,5.0,0.5,0,1,5.0,0.5,0,1,5.0,0.5,0,1,5.0,0.5,0,1
{'$oid': '6a2e74efa21d4516033c8412'},w61,Walk/Anlagenring_20260610_200145610.jpg,walk,Anlagenring,nan,/images/0/Walk/Anlagenring_20260610_200145610.jpg,/home/miguelup/survey_app/images/Anlagenring/Walk/Anlagenring_20260610_200145610.jpg,0,4,4.623232150899588,0.25692279880692614,6,2,5.0,0.5,0,1,5.0,0.5,0,1,5.0,0.5,0,1,5.0,0.5,0,1
{'$oid': '6a2e74efa21d4516033c8413'},w62,Walk/Anlagenring_20260610_200300497.jpg,walk,Anlagenring,nan,/images/0/Walk/Anlagenring_20260610_200300497.jpg,/home/miguelup/survey_app/images/Anlagenring/Walk/Anlagenring_20260610_200300497.jpg,0,1,4.445180791689176,0.2136340516821665,8,2,5.0,0.5,0,1,5.0,0.5,0,1,5.0,0.5,0,1,5.0,0.5,0,1
{'$oid': '6a2e74efa21d4516033c8414'},w63,Walk/Anlagenring_20260610_200327772.jpg,walk,Anlagenring,nan,/images/0/Walk/Anlagenring_20260610_200327772.jpg,/home/miguelup/survey_app/images/Anlagenring/Walk/Anlagenring_20260610_200327772.jpg,0,3,3.355731459841979,0.2282054393852473,6,2,5.0,0.5,0,1,5.0,0.5,0,1,5.0,0.5,0,1,5.0,0.5,0,1
{'$oid': '6a2e74efa21d4516033c8415'},w64,Walk/Anlagenring_20260610_200542156.jpg,walk,Anlagenring,nan,/images/0/Walk/Anlagenring_20260610_200542156.jpg,/home/miguelup/survey_app/images/Anlagenring/Walk/Anlagenring_20260610_200542156.jpg,0,4,4.609290458665907,0.24893738354874703,5,2,5.0,0.5,0,1,5.0,0.5,0,1,5.0,0.5,0,1,5.0,0.5,0,1
{'$oid': '6a2e74efa21d4516033c8416'},w65,Walk/Anlagenring_20260610_200707017.jpg,walk,Anlagenring,nan,/images/0/Walk/Anlagenring_20260610_200707017.jpg,/home/miguelup/survey_app/images/Anlagenring/Walk/Anlagenring_20260610_200707017.jpg,0,3,5.862115655133626,0.20930931397190858,9,2,5.0,0.5,0,1,5.0,0.5,0,1,5.0,0.5,0,1,5.0,0.5,0,1
{'$oid': '6a2e74efa21d4516033c8417'},w66,Walk/Anlagenring_20260610_200826907.jpg,walk,Anlagenring,nan,/images/0/Walk/Anlagenring_20260610_200826907.jpg,/home/miguelup/survey_app/images/Anlagenring/Walk/Anlagenring_20260610_200826907.jpg,0,2,6.437115880353749,0.23057532291869576,4,2,5.0,0.5,0,1,5.0,0.5,0,1,5.0,0.5,0,1,5.0,0.5,0,1
{'$oid': '6a2e74efa21d4516033c8418'},w67,Walk/Anlagenring_20260610_201149423.jpg,walk,Anlagenring,w68,/images/0/Walk/Anlagenring_20260610_201149423.jpg,/home/miguelup/survey_app/images/Anlagenring/Walk/Anlagenring_20260610_201149423.jpg,0,1,3.844786759123578,0.2799938458573172,7,2,5.0,0.5,0,1,5.0,0.5,0,1,5.0,0.5,0,1,5.0,0.5,0,1
{'$oid': '6a2e74efa21d4516033c8419'},w68,Walk/Anlagenring_20260610_201211935.jpg,walk,Anlagenring,w67,/images/0/Walk/Anlagenring_20260610_201211935.jpg,/home/miguelup/survey_app/images/Anlagenring/Walk/Anlagenring_20260610_201211935.jpg,0,5,3.9042850846960206,0.3812110186805535,2,2,5.0,0.5,0,1,5.0,0.5,0,1,5.0,0.5,0,1,5.0,0.5,0,1
{'$oid': '6a2e74efa21d4516033c841a'},w69,Walk/Anlagenring_20260610_201245414.jpg,walk,Anlagenring,nan,/images/0/Walk/Anlagenring_20260610_201245414.jpg,/home/miguelup/survey_app/images/Anlagenring/Walk/Anlagenring_20260610_201245414.jpg,0,1,4.867975515192414,0.17830360994114036,15,2,5.0,0.5,0,1,5.0,0.5,0,1,5.0,0.5,0,1,5.0,0.5,0,1
{'$oid': '6a2e74efa21d4516033c841b'},w70,Walk/Anlagenring_20260610_201405131.jpg,walk,Anlagenring,nan,/images/0/Walk/Anlagenring_20260610_201405131.jpg,/home/miguelup/survey_app/images/Anlagenring/Walk/Anlagenring_20260610_201405131.jpg,0,3,6.260831678976976,0.2540854105244098,3,2,5.0,0.5,0,1,5.0,0.5,0,1,5.0,0.5,0,1,5.0,0.5,0,1
{'$oid': '6a2e74efa21d4516033c841c'},w71,Walk/Anlagenring_20260610_201501458.jpg,walk,Anlagenring,nan,/images/0/Walk/Anlagenring_20260610_201501458.jpg,/home/miguelup/survey_app/images/Anlagenring/Walk/Anlagenring_20260610_201501458.jpg,0,5,4.83994349599432,0.2540374865510967,3,2,5.0,0.5,0,1,5.0,0.5,0,1,5.0,0.5,0,1,5.0,0.5,0,1
{'$oid': '6a2e74efa21d4516033c841d'},w72,Walk/Anlagenring_20260610_201654552.jpg,walk,Anlagenring,w73,/images/0/Walk/Anlagenring_20260610_201654552.jpg,/home/miguelup/survey_app/images/Anlagenring/Walk/Anlagenring_20260610_201654552.jpg,0,5,4.072537609019054,0.32938407565603167,3,2,5.0,0.5,0,1,5.0,0.5,0,1,5.0,0.5,0,1,5.0,0.5,0,1
{'$oid': '6a2e74efa21d4516033c841e'},w73,Walk/Anlagenring_20260610_201721056.jpg,walk,Anlagenring,w72,/images/0/Walk/Anlagenring_20260610_201721056.jpg,/home/miguelup/survey_app/images/Anlagenring/Walk/Anlagenring_20260610_201721056.jpg,0,2,4.820232726326772,0.2121851744899387,9,2,5.0,0.5,0,1,5.0,0.5,0,1,5.0,0.5,0,1,5.0,0.5,0,1
{'$oid': '6a2e74efa21d4516033c841f'},w74,Walk/Anlagenring_20260610_201808871.jpg,walk,Anlagenring,nan,/images/0/Walk/Anlagenring_20260610_201808871.jpg,/home/miguelup/survey_app/images/Anlagenring/Walk/Anlagenring_20260610_201808871.jpg,0,2,6.138813231789257,0.19145214711585376,10,2,5.0,0.5,0,1,5.0,0.5,0,1,5.0,0.5,0,1,5.0,0.5,0,1
{'$oid': '6a2e74efa21d4516033c8420'},w75,Walk/Anlagenring_20260610_201933087.jpg,walk,Anlagenring,nan,/images/0/Walk/Anlagenring_20260610_201933087.jpg,/home/miguelup/survey_app/images/Anlagenring/Walk/Anlagenring_20260610_201933087.jpg,0,3,6.389064554516313,0.21794484368629313,8,2,5.0,0.5,0,1,5.0,0.5,0,1,5.0,0.5,0,1,5.0,0.5,0,1
{'$oid': '6a2e74efa21d4516033c8421'},w76,Walk/Anlagenring_20260610_202033739.jpg,walk,Anlagenring,w77,/images/0/Walk/Anlagenring_20260610_202033739.jpg,/home/miguelup/survey_app/images/Anlagenring/Walk/Anlagenring_20260610_202033739.jpg,0,4,5.265693960548944,0.24811834799462457,6,2,5.0,0.5,0,1,5.0,0.5,0,1,5.0,0.5,0,1,5.0,0.5,0,1
{'$oid': '6a2e74efa21d4516033c8422'},w77,Walk/Anlagenring_20260610_202118609.jpg,walk,Anlagenring,w76,/images/0/Walk/Anlagenring_20260610_202118609.jpg,/home/miguelup/survey_app/images/Anlagenring/Walk/Anlagenring_20260610_202118609.jpg,0,2,3.6073654182435932,0.25139465478712125,7,2,5.0,0.5,0,1,5.0,0.5,0,1,5.0,0.5,0,1,5.0,0.5,0,1
{'$oid': '6a2e74efa21d4516033c8423'},w78,Walk/Anlagenring_20260610_202212764.jpg,walk,Anlagenring,nan,/images/0/Walk/Anlagenring_20260610_202212764.jpg,/home/miguelup/survey_app/images/Anlagenring/Walk/Anlagenring_20260610_202212764.jpg,0,2,4.287434010779141,0.23466579921082115,6,2,5.0,0.5,0,1,5.0,0.5,0,1,5.0,0.5,0,1,5.0,0.5,0,1
{'$oid': '6a2e74efa21d4516033c8424'},w79,Walk/Anlagenring_20260610_202248742.jpg,walk,Anlagenring,nan,/images/0/Walk/Anlagenring_20260610_202248742.jpg,/home/miguelup/survey_app/images/Anlagenring/Walk/Anlagenring_20260610_202248742.jpg,0,3,4.836228909890893,0.2368677689212904,6,2,5.0,0.5,0,1,5.0,0.5,0,1,5.0,0.5,0,1,5.0,0.5,0,1
{'$oid': '6a2e74efa21d4516033c8425'},w80,Walk/Anlagenring_20260610_202328948.jpg,walk,Anlagenring,nan,/images/0/Walk/Anlagenring_20260610_202328948.jpg,/home/miguelup/survey_app/images/Anlagenring/Walk/Anlagenring_20260610_202328948.jpg,0,1,4.976023493672261,0.24203425231475734,7,2,5.0,0.5,0,1,5.0,0.5,0,1,5.0,0.5,0,1,5.0,0.5,0,1
{'$oid': '6a2e74efa21d4516033c8426'},w81,Walk/Anlagenring_20260610_202457753.jpg,walk,Anlagenring,nan,/images/0/Walk/Anlagenring_20260610_202457753.jpg,/home/miguelup/survey_app/images/Anlagenring/Walk/Anlagenring_20260610_202457753.jpg,0,3,2.9467245526341515,0.2302542604313656,9,2,5.0,0.5,0,1,5.0,0.5,0,1,5.0,0.5,0,1,5.0,0.5,0,1
{'$oid': '6a2e74efa21d4516033c8427'},w82,Walk/Anlagenring_20260610_202516461.jpg,walk,Anlagenring,nan,/images/0/Walk/Anlagenring_20260610_202516461.jpg,/home/miguelup/survey_app/images/Anlagenring/Walk/Anlagenring_20260610_202516461.jpg,0,1,3.096494834148809,0.17361163807965235,14,2,5.0,0.5,0,1,5.0,0.5,0,1,5.0,0.5,0,1,5.0,0.5,0,1
{'$oid': '6a2e74efa21d4516033c8428'},w83,Walk/Anlagenring_20260610_202711112.jpg,walk,Anlagenring,nan,/images/0/Walk/Anlagenring_20260610_202711112.jpg,/home/miguelup/survey_app/images/Anlagenring/Walk/Anlagenring_20260610_202711112.jpg,0,3,2.5510204033987205,0.27573821359351175,8,2,5.0,0.5,0,1,5.0,0.5,0,1,5.0,0.5,0,1,5.0,0.5,0,1
{'$oid': '6a2e74efa21d4516033c8429'},w84,Walk/Anlagenring_20260610_202843418.jpg,walk,Anlagenring,nan,/images/0/Walk/Anlagenring_20260610_202843418.jpg,/home/miguelup/survey_app/images/Anlagenring/Walk/Anlagenring_20260610_202843418.jpg,0,1,4.795959370500316,0.19373615928790144,10,2,5.0,0.5,0,1,5.0,0.5,0,1,5.0,0.5,0,1,5.0,0.5,0,1
{'$oid': '6a2e74efa21d4516033c842a'},b1,Bike/Anlagenring_20260610_181516629.jpg,bike,Anlagenring,b2,/images/0/Bike/Anlagenring_20260610_181516629.jpg,/home/miguelup/survey_app/images/Anlagenring/Bike/Anlagenring_20260610_181516629.jpg,0,5,5.0,0.5,0,1,5.0,0.5,0,1,4.237069558840172,0.2584330828259983,4,2,5.0,0.5,0,1,5.0,0.5,0,1
{'$oid': '6a2e74efa21d4516033c842b'},b2,Bike/Anlagenring_20260610_181614450.jpg,bike,Anlagenring,b1,/images/0/Bike/Anlagenring_20260610_181614450.jpg,/home/miguelup/survey_app/images/Anlagenring/Bike/Anlagenring_20260610_181614450.jpg,0,3,5.0,0.5,0,1,5.0,0.5,0,1,4.612047707918711,0.2740533694818323,4,2,5.0,0.5,0,1,5.0,0.5,0,1
{'$oid': '6a2e74efa21d4516033c842c'},b3,Bike/Anlagenring_20260610_181727007.jpg,bike,Anlagenring,nan,/images/0/Bike/Anlagenring_20260610_181727007.jpg,/home/miguelup/survey_app/images/Anlagenring/Bike/Anlagenring_20260610_181727007.jpg,0,4,5.0,0.5,0,1,5.0,0.5,0,1,4.307228979725916,0.23955275141922366,6,2,5.0,0.5,0,1,5.0,0.5,0,1
{'$oid': '6a2e74efa21d4516033c842d'},b4,Bike/Anlagenring_20260610_181908946.jpg,bike,Anlagenring,nan,/images/0/Bike/Anlagenring_20260610_181908946.jpg,/home/miguelup/survey_app/images/Anlagenring/Bike/Anlagenring_20260610_181908946.jpg,0,3,5.0,0.5,0,1,5.0,0.5,0,1,5.087071433346564,0.2199711125440435,8,2,5.0,0.5,0,1,5.0,0.5,0,1
{'$oid': '6a2e74efa21d4516033c842e'},b5,Bike/Anlagenring_20260610_182558647.jpg,bike,Anlagenring,b6,/images/0/Bike/Anlagenring_20260610_182558647.jpg,/home/miguelup/survey_app/images/Anlagenring/Bike/Anlagenring_20260610_182558647.jpg,0,3,5.0,0.5,0,1,5.0,0.5,0,1,6.5181771979651035,0.2719949520830628,5,2,5.0,0.5,0,1,5.0,0.5,0,1
{'$oid': '6a2e74efa21d4516033c842f'},b6,Bike/Anlagenring_20260610_182742074.jpg,bike,Anlagenring,b5,/images/0/Bike/Anlagenring_20260610_182742074.jpg,/home/miguelup/survey_app/images/Anlagenring/Bike/Anlagenring_20260610_182742074.jpg,0,4,5.0,0.5,0,1,5.0,0.5,0,1,6.183370789113547,0.2482011064121777,7,2,5.0,0.5,0,1,5.0,0.5,0,1
{'$oid': '6a2e74efa21d4516033c8430'},b7,Bike/Anlagenring_20260610_182838468.jpg,bike,Anlagenring,nan,/images/0/Bike/Anlagenring_20260610_182838468.jpg,/home/miguelup/survey_app/images/Anlagenring/Bike/Anlagenring_20260610_182838468.jpg,0,3,5.0,0.5,0,1,5.0,0.5,0,1,4.222127157449765,0.24556512576325823,8,2,5.0,0.5,0,1,5.0,0.5,0,1
{'$oid': '6a2e74efa21d4516033c8431'},b8,Bike/Anlagenring_20260610_182940336.jpg,bike,Anlagenring,b10,/images/0/Bike/Anlagenring_20260610_182940336.jpg,/home/miguelup/survey_app/images/Anlagenring/Bike/Anlagenring_20260610_182940336.jpg,0,3,5.0,0.5,0,1,5.0,0.5,0,1,6.452739124020008,0.29800161868198505,2,2,5.0,0.5,0,1,5.0,0.5,0,1
{'$oid': '6a2e74efa21d4516033c8432'},b9,Bike/Anlagenring_20260610_183030440.jpg,bike,Anlagenring,12,/images/0/Bike/Anlagenring_20260610_183030440.jpg,/home/miguelup/survey_app/images/Anlagenring/Bike/Anlagenring_20260610_183030440.jpg,0,2,5.0,0.5,0,1,5.0,0.5,0,1,5.284774532420131,0.2383023648481514,5,2,5.0,0.5,0,1,5.0,0.5,0,1
{'$oid': '6a2e74efa21d4516033c8433'},b10,Bike/Anlagenring_20260610_183057209.jpg,bike,Anlagenring,b8,/images/0/Bike/Anlagenring_20260610_183057209.jpg,/home/miguelup/survey_app/images/Anlagenring/Bike/Anlagenring_20260610_183057209.jpg,0,1,5.0,0.5,0,1,5.0,0.5,0,1,5.0212727836127495,0.19419510996586334,9,2,5.0,0.5,0,1,5.0,0.5,0,1
{'$oid': '6a2e74efa21d4516033c8434'},b11,Bike/Anlagenring_20260610_183120063.jpg,bike,Anlagenring,nan,/images/0/Bike/Anlagenring_20260610_183120063.jpg,/home/miguelup/survey_app/images/Anlagenring/Bike/Anlagenring_20260610_183120063.jpg,0,3,5.0,0.5,0,1,5.0,0.5,0,1,5.9554131309264005,0.25264797520157833,4,2,5.0,0.5,0,1,5.0,0.5,0,1
{'$oid': '6a2e74efa21d4516033c8435'},b12,Bike/Anlagenring_20260610_183314726.jpg,bike,Anlagenring,b9,/images/0/Bike/Anlagenring_20260610_183314726.jpg,/home/miguelup/survey_app/images/Anlagenring/Bike/Anlagenring_20260610_183314726.jpg,0,1,5.0,0.5,0,1,5.0,0.5,0,1,6.32838195865994,0.22804637524952195,7,2,5.0,0.5,0,1,5.0,0.5,0,1
{'$oid': '6a2e74efa21d4516033c8436'},b13,Bike/Anlagenring_20260610_183409296.jpg,bike,Anlagenring,nan,/images/0/Bike/Anlagenring_20260610_183409296.jpg,/home/miguelup/survey_app/images/Anlagenring/Bike/Anlagenring_20260610_183409296.jpg,0,2,5.0,0.5,0,1,5.0,0.5,0,1,6.007722979947486,0.1907799731448438,11,2,5.0,0.5,0,1,5.0,0.5,0,1
{'$oid': '6a2e74efa21d4516033c8437'},b14,Bike/Anlagenring_20260610_183444268.jpg,bike,Anlagenring,nan,/images/0/Bike/Anlagenring_20260610_183444268.jpg,/home/miguelup/survey_app/images/Anlagenring/Bike/Anlagenring_20260610_183444268.jpg,0,2,5.0,0.5,0,1,5.0,0.5,0,1,4.8766682516810835,0.221565015080084,7,2,5.0,0.5,0,1,5.0,0.5,0,1
{'$oid': '6a2e74efa21d4516033c8438'},b15,Bike/Anlagenring_20260610_183729202.jpg,bike,Anlagenring,nan,/images/0/Bike/Anlagenring_20260610_183729202.jpg,/home/miguelup/survey_app/images/Anlagenring/Bike/Anlagenring_20260610_183729202.jpg,0,2,5.0,0.5,0,1,5.0,0.5,0,1,5.80051845027935,0.21007831791118137,6,2,5.0,0.5,0,1,5.0,0.5,0,1
{'$oid': '6a2e74efa21d4516033c8439'},b16,Bike/Anlagenring_20260610_183805109.jpg,bike,Anlagenring,nan,/images/0/Bike/Anlagenring_20260610_183805109.jpg,/home/miguelup/survey_app/images/Anlagenring/Bike/Anlagenring_20260610_183805109.jpg,0,1,5.0,0.5,0,1,5.0,0.5,0,1,5.162471102729574,0.21227398567811212,8,2,5.0,0.5,0,1,5.0,0.5,0,1
{'$oid': '6a2e74efa21d4516033c843a'},b17,Bike/Anlagenring_20260610_183946741.jpg,bike,Anlagenring,b18,/images/0/Bike/Anlagenring_20260610_183946741.jpg,/home/miguelup/survey_app/images/Anlagenring/Bike/Anlagenring_20260610_183946741.jpg,0,2,5.0,0.5,0,1,5.0,0.5,0,1,7.267752822798753,0.30903626001878703,3,2,5.0,0.5,0,1,5.0,0.5,0,1
{'$oid': '6a2e74efa21d4516033c843b'},b18,Bike/Anlagenring_20260610_184053438.jpg,bike,Anlagenring,b17,/images/0/Bike/Anlagenring_20260610_184053438.jpg,/home/miguelup/survey_app/images/Anlagenring/Bike/Anlagenring_20260610_184053438.jpg,0,3,5.0,0.5,0,1,5.0,0.5,0,1,4.084394860675792,0.2168846789885234,8,2,5.0,0.5,0,1,5.0,0.5,0,1
{'$oid': '6a2e74efa21d4516033c843c'},b19,Bike/Anlagenring_20260610_184107133.jpg,bike,Anlagenring,nan,/images/0/Bike/Anlagenring_20260610_184107133.jpg,/home/miguelup/survey_app/images/Anlagenring/Bike/Anlagenring_20260610_184107133.jpg,0,5,5.0,0.5,0,1,5.0,0.5,0,1,5.345078401484851,0.30697901251898363,2,2,5.0,0.5,0,1,5.0,0.5,0,1
{'$oid': '6a2e74efa21d4516033c843d'},b20,Bike/Anlagenring_20260610_184334497.jpg,bike,Anlagenring,nan,/images/0/Bike/Anlagenring_20260610_184334497.jpg,/home/miguelup/survey_app/images/Anlagenring/Bike/Anlagenring_20260610_184334497.jpg,0,4,5.0,0.5,0,1,5.0,0.5,0,1,6.190709776347281,0.24674004996780682,6,2,5.0,0.5,0,1,5.0,0.5,0,1
{'$oid': '6a2e74efa21d4516033c843e'},b21,Bike/Anlagenring_20260610_184508714.jpg,bike,Anlagenring,nan,/images/0/Bike/Anlagenring_20260610_184508714.jpg,/home/miguelup/survey_app/images/Anlagenring/Bike/Anlagenring_20260610_184508714.jpg,0,5,5.0,0.5,0,1,5.0,0.5,0,1,5.983703220949847,0.28203556856020884,4,2,5.0,0.5,0,1,5.0,0.5,0,1
{'$oid': '6a2e74efa21d4516033c843f'},b22,Bike/Anlagenring_20260610_184636935.jpg,bike,Anlagenring,nan,/images/0/Bike/Anlagenring_20260610_184636935.jpg,/home/miguelup/survey_app/images/Anlagenring/Bike/Anlagenring_20260610_184636935.jpg,0,1,5.0,0.5,0,1,5.0,0.5,0,1,6.267421667355504,0.1835991825918108,11,2,5.0,0.5,0,1,5.0,0.5,0,1
{'$oid': '6a2e74efa21d4516033c8440'},b23,Bike/Anlagenring_20260610_185005695.jpg,bike,Anlagenring,nan,/images/0/Bike/Anlagenring_20260610_185005695.jpg,/home/miguelup/survey_app/images/Anlagenring/Bike/Anlagenring_20260610_185005695.jpg,0,2,5.0,0.5,0,1,5.0,0.5,0,1,4.013438783061308,0.23276324106415247,7,2,5.0,0.5,0,1,5.0,0.5,0,1
{'$oid': '6a2e74efa21d4516033c8441'},b24,Bike/Anlagenring_20260610_185112353.jpg,bike,Anlagenring,nan,/images/0/Bike/Anlagenring_20260610_185112353.jpg,/home/miguelup/survey_app/images/Anlagenring/Bike/Anlagenring_20260610_185112353.jpg,0,3,5.0,0.5,0,1,5.0,0.5,0,1,4.268831475030963,0.29814157401232166,4,2,5.0,0.5,0,1,5.0,0.5,0,1
{'$oid': '6a2e74efa21d4516033c8442'},b25,Bike/Anlagenring_20260610_185212092.jpg,bike,Anlagenring,nan,/images/0/Bike/Anlagenring_20260610_185212092.jpg,/home/miguelup/survey_app/images/Anlagenring/Bike/Anlagenring_20260610_185212092.jpg,0,1,5.0,0.5,0,1,5.0,0.5,0,1,4.750057724455912,0.25451399940092323,7,2,5.0,0.5,0,1,5.0,0.5,0,1
{'$oid': '6a2e74efa21d4516033c8443'},b26,Bike/Anlagenring_20260610_185328296.jpg,bike,Anlagenring,nan,/images/0/Bike/Anlagenring_20260610_185328296.jpg,/home/miguelup/survey_app/images/Anlagenring/Bike/Anlagenring_20260610_185328296.jpg,0,4,5.0,0.5,0,1,5.0,0.5,0,1,5.935181687085021,0.24665147873704524,7,2,5.0,0.5,0,1,5.0,0.5,0,1
{'$oid': '6a2e74efa21d4516033c8444'},b27,Bike/Anlagenring_20260610_185540125.jpg,bike,Anlagenring,nan,/images/0/Bike/Anlagenring_20260610_185540125.jpg,/home/miguelup/survey_app/images/Anlagenring/Bike/Anlagenring_20260610_185540125.jpg,0,3,5.0,0.5,0,1,5.0,0.5,0,1,2.2613260485041904,0.27498681501919636,4,2,5.0,0.5,0,1,5.0,0.5,0,1
{'$oid': '6a2e74efa21d4516033c8445'},b28,Bike/Anlagenring_20260610_185611028.jpg,bike,Anlagenring,nan,/images/0/Bike/Anlagenring_20260610_185611028.jpg,/home/miguelup/survey_app/images/Anlagenring/Bike/Anlagenring_20260610_185611028.jpg,0,3,5.0,0.5,0,1,5.0,0.5,0,1,3.893696646409073,0.24430893698700856,4,2,5.0,0.5,0,1,5.0,0.5,0,1
{'$oid': '6a2e74efa21d4516033c8446'},b29,Bike/Anlagenring_20260610_185718181.jpg,bike,Anlagenring,nan,/images/0/Bike/Anlagenring_20260610_185718181.jpg,/home/miguelup/survey_app/images/Anlagenring/Bike/Anlagenring_20260610_185718181.jpg,0,3,5.0,0.5,0,1,5.0,0.5,0,1,6.467403554949149,0.22600318402609454,7,2,5.0,0.5,0,1,5.0,0.5,0,1
{'$oid': '6a2e74efa21d4516033c8447'},b30,Bike/Anlagenring_20260610_185916511.jpg,bike,Anlagenring,nan,/images/0/Bike/Anlagenring_20260610_185916511.jpg,/home/miguelup/survey_app/images/Anlagenring/Bike/Anlagenring_20260610_185916511.jpg,0,5,5.0,0.5,0,1,5.0,0.5,0,1,3.4518344921539814,0.35028194630265147,3,2,5.0,0.5,0,1,5.0,0.5,0,1
{'$oid': '6a2e74efa21d4516033c8448'},b31,Bike/Anlagenring_20260610_185941602.jpg,bike,Anlagenring,nan,/images/0/Bike/Anlagenring_20260610_185941602.jpg,/home/miguelup/survey_app/images/Anlagenring/Bike/Anlagenring_20260610_185941602.jpg,0,1,5.0,0.5,0,1,5.0,0.5,0,1,4.989205836251312,0.21478172094530898,8,2,5.0,0.5,0,1,5.0,0.5,0,1
{'$oid': '6a2e74efa21d4516033c8449'},b32,Bike/Anlagenring_20260610_190107324.jpg,bike,Anlagenring,nan,/images/0/Bike/Anlagenring_20260610_190107324.jpg,/home/miguelup/survey_app/images/Anlagenring/Bike/Anlagenring_20260610_190107324.jpg,0,5,5.0,0.5,0,1,5.0,0.5,0,1,4.969346831982094,0.2031898634012769,10,2,5.0,0.5,0,1,5.0,0.5,0,1
{'$oid': '6a2e74efa21d4516033c844a'},b33,Bike/Anlagenring_20260610_190131458.jpg,bike,Anlagenring,nan,/images/0/Bike/Anlagenring_20260610_190131458.jpg,/home/miguelup/survey_app/images/Anlagenring/Bike/Anlagenring_20260610_190131458.jpg,0,4,5.0,0.5,0,1,5.0,0.5,0,1,3.9219084399256006,0.2526160142651184,6,2,5.0,0.5,0,1,5.0,0.5,0,1
{'$oid': '6a2e74efa21d4516033c844b'},b34,Bike/Anlagenring_20260610_190313835.jpg,bike,Anlagenring,nan,/images/0/Bike/Anlagenring_20260610_190313835.jpg,/home/miguelup/survey_app/images/Anlagenring/Bike/Anlagenring_20260610_190313835.jpg,0,4,5.0,0.5,0,1,5.0,0.5,0,1,5.453368148412272,0.257461331203661,6,2,5.0,0.5,0,1,5.0,0.5,0,1
{'$oid': '6a2e74efa21d4516033c844c'},b35,Bike/Anlagenring_20260610_190435340.jpg,bike,Anlagenring,nan,/images/0/Bike/Anlagenring_20260610_190435340.jpg,/home/miguelup/survey_app/images/Anlagenring/Bike/Anlagenring_20260610_190435340.jpg,0,1,5.0,0.5,0,1,5.0,0.5,0,1,5.132806380726445,0.22841962479600425,6,2,5.0,0.5,0,1,5.0,0.5,0,1
{'$oid': '6a2e74efa21d4516033c844d'},b36,Bike/Anlagenring_20260610_190534850.jpg,bike,Anlagenring,b37,/images/0/Bike/Anlagenring_20260610_190534850.jpg,/home/miguelup/survey_app/images/Anlagenring/Bike/Anlagenring_20260610_190534850.jpg,0,5,5.0,0.5,0,1,5.0,0.5,0,1,2.6207518290707057,0.3125129625616912,3,2,5.0,0.5,0,1,5.0,0.5,0,1
{'$oid': '6a2e74efa21d4516033c844e'},b37,Bike/Anlagenring_20260610_190620501.jpg,bike,Anlagenring,b36,/images/0/Bike/Anlagenring_20260610_190620501.jpg,/home/miguelup/survey_app/images/Anlagenring/Bike/Anlagenring_20260610_190620501.jpg,0,1,5.0,0.5,0,1,5.0,0.5,0,1,3.123077270591776,0.21156537652887158,9,2,5.0,0.5,0,1,5.0,0.5,0,1
{'$oid': '6a2e74efa21d4516033c844f'},b38,Bike/Anlagenring_20260610_190726317.jpg,bike,Anlagenring,nan,/images/0/Bike/Anlagenring_20260610_190726317.jpg,/home/miguelup/survey_app/images/Anlagenring/Bike/Anlagenring_20260610_190726317.jpg,0,4,5.0,0.5,0,1,5.0,0.5,0,1,2.9346877823059385,0.3081028113879604,4,2,5.0,0.5,0,1,5.0,0.5,0,1
{'$oid': '6a2e74efa21d4516033c8450'},b39,Bike/Anlagenring_20260610_190819053.jpg,bike,Anlagenring,b40,/images/0/Bike/Anlagenring_20260610_190819053.jpg,/home/miguelup/survey_app/images/Anlagenring/Bike/Anlagenring_20260610_190819053.jpg,0,1,5.0,0.5,0,1,5.0,0.5,0,1,6.98214901949296,0.25082756734510425,5,2,5.0,0.5,0,1,5.0,0.5,0,1
{'$oid': '6a2e74efa21d4516033c8451'},b40,Bike/Anlagenring_20260610_190900914.jpg,bike,Anlagenring,b39,/images/0/Bike/Anlagenring_20260610_190900914.jpg,/home/miguelup/survey_app/images/Anlagenring/Bike/Anlagenring_20260610_190900914.jpg,0,1,5.0,0.5,0,1,5.0,0.5,0,1,7.140156550776409,0.23615092589440914,11,2,5.0,0.5,0,1,5.0,0.5,0,1
{'$oid': '6a2e74efa21d4516033c8452'},b41,Bike/Anlagenring_20260610_191009709.jpg,bike,Anlagenring,nan,/images/0/Bike/Anlagenring_20260610_191009709.jpg,/home/miguelup/survey_app/images/Anlagenring/Bike/Anlagenring_20260610_191009709.jpg,0,1,5.0,0.5,0,1,5.0,0.5,0,1,5.210534134002484,0.21219485221113157,7,2,5.0,0.5,0,1,5.0,0.5,0,1
{'$oid': '6a2e74efa21d4516033c8453'},b42,Bike/Anlagenring_20260610_191200939.jpg,bike,Anlagenring,nan,/images/0/Bike/Anlagenring_20260610_191200939.jpg,/home/miguelup/survey_app/images/Anlagenring/Bike/Anlagenring_20260610_191200939.jpg,0,2,5.0,0.5,0,1,5.0,0.5,0,1,4.906348463520902,0.2534276949811275,6,2,5.0,0.5,0,1,5.0,0.5,0,1
{'$oid': '6a2e74efa21d4516033c8454'},b43,Bike/Anlagenring_20260610_191424555.jpg,bike,Anlagenring,nan,/images/0/Bike/Anlagenring_20260610_191424555.jpg,/home/miguelup/survey_app/images/Anlagenring/Bike/Anlagenring_20260610_191424555.jpg,0,2,5.0,0.5,0,1,5.0,0.5,0,1,5.14165711162927,0.2237249483710822,6,2,5.0,0.5,0,1,5.0,0.5,0,1
{'$oid': '6a2e74efa21d4516033c8455'},b44,Bike/Anlagenring_20260610_192411849.jpg,bike,Anlagenring,nan,/images/0/Bike/Anlagenring_20260610_192411849.jpg,/home/miguelup/survey_app/images/Anlagenring/Bike/Anlagenring_20260610_192411849.jpg,0,3,5.0,0.5,0,1,5.0,0.5,0,1,5.302586621601291,0.21113961033990353,6,2,5.0,0.5,0,1,5.0,0.5,0,1
{'$oid': '6a2e74efa21d4516033c8456'},b45,Bike/Anlagenring_20260610_192950472.jpg,bike,Anlagenring,b46,/images/0/Bike/Anlagenring_20260610_192950472.jpg,/home/miguelup/survey_app/images/Anlagenring/Bike/Anlagenring_20260610_192950472.jpg,0,5,5.0,0.5,0,1,5.0,0.5,0,1,5.051213386506978,0.3541006381608803,2,2,5.0,0.5,0,1,5.0,0.5,0,1
{'$oid': '6a2e74efa21d4516033c8457'},b46,Bike/Anlagenring_20260610_193219468.jpg,bike,Anlagenring,b45,/images/0/Bike/Anlagenring_20260610_193219468.jpg,/home/miguelup/survey_app/images/Anlagenring/Bike/Anlagenring_20260610_193219468.jpg,0,4,5.0,0.5,0,1,5.0,0.5,0,1,6.199114576062053,0.21673351199442684,10,2,5.0,0.5,0,1,5.0,0.5,0,1
{'$oid': '6a2e74efa21d4516033c8458'},b47,Bike/Anlagenring_20260610_193645847.jpg,bike,Anlagenring,nan,/images/0/Bike/Anlagenring_20260610_193645847.jpg,/home/miguelup/survey_app/images/Anlagenring/Bike/Anlagenring_20260610_193645847.jpg,0,2,5.0,0.5,0,1,5.0,0.5,0,1,2.2108565765504937,0.21920618535749653,11,2,5.0,0.5,0,1,5.0,0.5,0,1
{'$oid': '6a2e74efa21d4516033c8459'},b48,Bike/Anlagenring_20260610_193739746.jpg,bike,Anlagenring,nan,/images/0/Bike/Anlagenring_20260610_193739746.jpg,/home/miguelup/survey_app/images/Anlagenring/Bike/Anlagenring_20260610_193739746.jpg,0,2,5.0,0.5,0,1,5.0,0.5,0,1,3.472070274002699,0.2729227681447719,5,2,5.0,0.5,0,1,5.0,0.5,0,1
{'$oid': '6a2e74efa21d4516033c845a'},b49,Bike/Anlagenring_20260610_193815546.jpg,bike,Anlagenring,nan,/images/0/Bike/Anlagenring_20260610_193815546.jpg,/home/miguelup/survey_app/images/Anlagenring/Bike/Anlagenring_20260610_193815546.jpg,0,4,5.0,0.5,0,1,5.0,0.5,0,1,5.708012490542529,0.2899814533586288,3,2,5.0,0.5,0,1,5.0,0.5,0,1
{'$oid': '6a2e74efa21d4516033c845b'},b50,Bike/Anlagenring_20260610_194104433.jpg,bike,Anlagenring,nan,/images/0/Bike/Anlagenring_20260610_194104433.jpg,/home/miguelup/survey_app/images/Anlagenring/Bike/Anlagenring_20260610_194104433.jpg,0,1,5.0,0.5,0,1,5.0,0.5,0,1,6.189006648977143,0.21928999852962527,6,2,5.0,0.5,0,1,5.0,0.5,0,1
{'$oid': '6a2e74efa21d4516033c845c'},b51,Bike/Anlagenring_20260610_194506648.jpg,bike,Anlagenring,nan,/images/0/Bike/Anlagenring_20260610_194506648.jpg,/home/miguelup/survey_app/images/Anlagenring/Bike/Anlagenring_20260610_194506648.jpg,0,1,5.0,0.5,0,1,5.0,0.5,0,1,4.969709124115743,0.21985890723678186,7,2,5.0,0.5,0,1,5.0,0.5,0,1
{'$oid': '6a2e74efa21d4516033c845d'},b52,Bike/Anlagenring_20260610_194535579.jpg,bike,Anlagenring,nan,/images/0/Bike/Anlagenring_20260610_194535579.jpg,/home/miguelup/survey_app/images/Anlagenring/Bike/Anlagenring_20260610_194535579.jpg,0,1,5.0,0.5,0,1,5.0,0.5,0,1,5.362895926751701,0.19506602689000502,9,2,5.0,0.5,0,1,5.0,0.5,0,1
{'$oid': '6a2e74efa21d4516033c845e'},b53,Bike/Anlagenring_20260610_194612454.jpg,bike,Anlagenring,nan,/images/0/Bike/Anlagenring_20260610_194612454.jpg,/home/miguelup/survey_app/images/Anlagenring/Bike/Anlagenring_20260610_194612454.jpg,0,4,5.0,0.5,0,1,5.0,0.5,0,1,5.800009893231048,0.2266654744976672,7,2,5.0,0.5,0,1,5.0,0.5,0,1
{'$oid': '6a2e74efa21d4516033c845f'},b54,Bike/Anlagenring_20260610_194800019.jpg,bike,Anlagenring,nan,/images/0/Bike/Anlagenring_20260610_194800019.jpg,/home/miguelup/survey_app/images/Anlagenring/Bike/Anlagenring_20260610_194800019.jpg,0,1,5.0,0.5,0,1,5.0,0.5,0,1,4.939823703226635,0.23384090770698843,6,2,5.0,0.5,0,1,5.0,0.5,0,1
{'$oid': '6a2e74efa21d4516033c8460'},b55,Bike/Anlagenring_20260610_194931268.jpg,bike,Anlagenring,nan,/images/0/Bike/Anlagenring_20260610_194931268.jpg,/home/miguelup/survey_app/images/Anlagenring/Bike/Anlagenring_20260610_194931268.jpg,0,2,5.0,0.5,0,1,5.0,0.5,0,1,4.462493910205143,0.22966061457981687,8,2,5.0,0.5,0,1,5.0,0.5,0,1
{'$oid': '6a2e74efa21d4516033c8461'},b56,Bike/Anlagenring_20260610_195007357.jpg,bike,Anlagenring,nan,/images/0/Bike/Anlagenring_20260610_195007357.jpg,/home/miguelup/survey_app/images/Anlagenring/Bike/Anlagenring_20260610_195007357.jpg,0,4,5.0,0.5,0,1,5.0,0.5,0,1,3.876292799338882,0.29055317427724436,4,2,5.0,0.5,0,1,5.0,0.5,0,1
{'$oid': '6a2e74efa21d4516033c8462'},b57,Bike/Anlagenring_20260610_195228146.jpg,bike,Anlagenring,nan,/images/0/Bike/Anlagenring_20260610_195228146.jpg,/home/miguelup/survey_app/images/Anlagenring/Bike/Anlagenring_20260610_195228146.jpg,0,5,5.0,0.5,0,1,5.0,0.5,0,1,5.655094058004989,0.25327597124599455,7,2,5.0,0.5,0,1,5.0,0.5,0,1
{'$oid': '6a2e74efa21d4516033c8463'},b58,Bike/Anlagenring_20260610_195656507.jpg,bike,Anlagenring,nan,/images/0/Bike/Anlagenring_20260610_195656507.jpg,/home/miguelup/survey_app/images/Anlagenring/Bike/Anlagenring_20260610_195656507.jpg,0,3,5.0,0.5,0,1,5.0,0.5,0,1,5.429722751556815,0.3142941845511247,3,2,5.0,0.5,0,1,5.0,0.5,0,1
{'$oid': '6a2e74efa21d4516033c8464'},b59,Bike/Anlagenring_20260610_200120852.jpg,bike,Anlagenring,nan,/images/0/Bike/Anlagenring_20260610_200120852.jpg,/home/miguelup/survey_app/images/Anlagenring/Bike/Anlagenring_20260610_200120852.jpg,0,2,5.0,0.5,0,1,5.0,0.5,0,1,3.5605407761183954,0.24101779021436104,6,2,5.0,0.5,0,1,5.0,0.5,0,1
{'$oid': '6a2e74efa21d4516033c8465'},b60,Bike/Anlagenring_20260610_200145610.jpg,bike,Anlagenring,nan,/images/0/Bike/Anlagenring_20260610_200145610.jpg,/home/miguelup/survey_app/images/Anlagenring/Bike/Anlagenring_20260610_200145610.jpg,0,3,5.0,0.5,0,1,5.0,0.5,0,1,5.165031328377592,0.24748453325499456,4,2,5.0,0.5,0,1,5.0,0.5,0,1
{'$oid': '6a2e74efa21d4516033c8466'},b61,Bike/Anlagenring_20260610_200327772.jpg,bike,Anlagenring,nan,/images/0/Bike/Anlagenring_20260610_200327772.jpg,/home/miguelup/survey_app/images/Anlagenring/Bike/Anlagenring_20260610_200327772.jpg,0,2,5.0,0.5,0,1,5.0,0.5,0,1,5.510105533989782,0.21812949474959892,8,2,5.0,0.5,0,1,5.0,0.5,0,1
{'$oid': '6a2e74efa21d4516033c8467'},b62,Bike/Anlagenring_20260610_200542156.jpg,bike,Anlagenring,nan,/images/0/Bike/Anlagenring_20260610_200542156.jpg,/home/miguelup/survey_app/images/Anlagenring/Bike/Anlagenring_20260610_200542156.jpg,0,5,5.0,0.5,0,1,5.0,0.5,0,1,3.9841714105327712,0.2836672075673076,5,2,5.0,0.5,0,1,5.0,0.5,0,1
{'$oid': '6a2e74efa21d4516033c8468'},b63,Bike/Anlagenring_20260610_200707017.jpg,bike,Anlagenring,b64,/images/0/Bike/Anlagenring_20260610_200707017.jpg,/home/miguelup/survey_app/images/Anlagenring/Bike/Anlagenring_20260610_200707017.jpg,0,4,5.0,0.5,0,1,5.0,0.5,0,1,6.548505384509244,0.2709621829595686,3,2,5.0,0.5,0,1,5.0,0.5,0,1
{'$oid': '6a2e74efa21d4516033c8469'},b64,Bike/Anlagenring_20260610_200826907.jpg,bike,Anlagenring,b63,/images/0/Bike/Anlagenring_20260610_200826907.jpg,/home/miguelup/survey_app/images/Anlagenring/Bike/Anlagenring_20260610_200826907.jpg,0,4,5.0,0.5,0,1,5.0,0.5,0,1,3.919922529800691,0.26738560541827605,3,2,5.0,0.5,0,1,5.0,0.5,0,1
{'$oid': '6a2e74efa21d4516033c846a'},b65,Bike/Anlagenring_20260610_201126970.jpg,bike,Anlagenring,nan,/images/0/Bike/Anlagenring_20260610_201126970.jpg,/home/miguelup/survey_app/images/Anlagenring/Bike/Anlagenring_20260610_201126970.jpg,0,2,5.0,0.5,0,1,5.0,0.5,0,1,5.001386010107823,0.27269766605732454,4,2,5.0,0.5,0,1,5.0,0.5,0,1
{'$oid': '6a2e74efa21d4516033c846b'},b66,Bike/Anlagenring_20260610_201149423.jpg,bike,Anlagenring,nan,/images/0/Bike/Anlagenring_20260610_201149423.jpg,/home/miguelup/survey_app/images/Anlagenring/Bike/Anlagenring_20260610_201149423.jpg,0,1,5.0,0.5,0,1,5.0,0.5,0,1,5.949133540055261,0.16687394226482027,12,2,5.0,0.5,0,1,5.0,0.5,0,1
{'$oid': '6a2e74efa21d4516033c846c'},b67,Bike/Anlagenring_20260610_201245414.jpg,bike,Anlagenring,nan,/images/0/Bike/Anlagenring_20260610_201245414.jpg,/home/miguelup/survey_app/images/Anlagenring/Bike/Anlagenring_20260610_201245414.jpg,0,3,5.0,0.5,0,1,5.0,0.5,0,1,4.780591783223618,0.23263114146235564,5,2,5.0,0.5,0,1,5.0,0.5,0,1
{'$oid': '6a2e74efa21d4516033c846d'},b68,Bike/Anlagenring_20260610_201405131.jpg,bike,Anlagenring,nan,/images/0/Bike/Anlagenring_20260610_201405131.jpg,/home/miguelup/survey_app/images/Anlagenring/Bike/Anlagenring_20260610_201405131.jpg,0,5,5.0,0.5,0,1,5.0,0.5,0,1,6.185651077999105,0.24313547888987386,7,2,5.0,0.5,0,1,5.0,0.5,0,1
{'$oid': '6a2e74efa21d4516033c846e'},b69,Bike/Anlagenring_20260610_201501458.jpg,bike,Anlagenring,nan,/images/0/Bike/Anlagenring_20260610_201501458.jpg,/home/miguelup/survey_app/images/Anlagenring/Bike/Anlagenring_20260610_201501458.jpg,0,3,5.0,0.5,0,1,5.0,0.5,0,1,3.5144934588984107,0.25176291216118446,4,2,5.0,0.5,0,1,5.0,0.5,0,1
{'$oid': '6a2e74efa21d4516033c846f'},b70,Bike/Anlagenring_20260610_201808871.jpg,bike,Anlagenring,nan,/images/0/Bike/Anlagenring_20260610_201808871.jpg,/home/miguelup/survey_app/images/Anlagenring/Bike/Anlagenring_20260610_201808871.jpg,0,1,5.0,0.5,0,1,5.0,0.5,0,1,5.875383032788923,0.21928313612333977,7,2,5.0,0.5,0,1,5.0,0.5,0,1
{'$oid': '6a2e74efa21d4516033c8470'},b71,Bike/Anlagenring_20260610_201901884.jpg,bike,Anlagenring,nan,/images/0/Bike/Anlagenring_20260610_201901884.jpg,/home/miguelup/survey_app/images/Anlagenring/Bike/Anlagenring_20260610_201901884.jpg,0,4,5.0,0.5,0,1,5.0,0.5,0,1,2.700028194062723,0.2998003198743151,3,2,5.0,0.5,0,1,5.0,0.5,0,1
{'$oid': '6a2e74efa21d4516033c8471'},b72,Bike/Anlagenring_20260610_201933087.jpg,bike,Anlagenring,nan,/images/0/Bike/Anlagenring_20260610_201933087.jpg,/home/miguelup/survey_app/images/Anlagenring/Bike/Anlagenring_20260610_201933087.jpg,0,4,5.0,0.5,0,1,5.0,0.5,0,1,4.008843723482995,0.26030635758599396,6,2,5.0,0.5,0,1,5.0,0.5,0,1
{'$oid': '6a2e74efa21d4516033c8472'},b73,Bike/Anlagenring_20260610_202033739.jpg,bike,Anlagenring,b74,/images/0/Bike/Anlagenring_20260610_202033739.jpg,/home/miguelup/survey_app/images/Anlagenring/Bike/Anlagenring_20260610_202033739.jpg,0,3,5.0,0.5,0,1,5.0,0.5,0,1,2.700128240399706,0.31245552420939615,3,2,5.0,0.5,0,1,5.0,0.5,0,1
{'$oid': '6a2e74efa21d4516033c8473'},b74,Bike/Anlagenring_20260610_202118609.jpg,bike,Anlagenring,b73,/images/0/Bike/Anlagenring_20260610_202118609.jpg,/home/miguelup/survey_app/images/Anlagenring/Bike/Anlagenring_20260610_202118609.jpg,0,3,5.0,0.5,0,1,5.0,0.5,0,1,5.524527710186798,0.2047495019006554,8,2,5.0,0.5,0,1,5.0,0.5,0,1
{'$oid': '6a2e74efa21d4516033c8474'},b75,Bike/Anlagenring_20260610_202248742.jpg,bike,Anlagenring,nan,/images/0/Bike/Anlagenring_20260610_202248742.jpg,/home/miguelup/survey_app/images/Anlagenring/Bike/Anlagenring_20260610_202248742.jpg,0,2,5.0,0.5,0,1,5.0,0.5,0,1,4.005783968809437,0.23123902665465623,6,2,5.0,0.5,0,1,5.0,0.5,0,1
{'$oid': '6a2e74efa21d4516033c8475'},b76,Bike/Anlagenring_20260610_202328948.jpg,bike,Anlagenring,nan,/images/0/Bike/Anlagenring_20260610_202328948.jpg,/home/miguelup/survey_app/images/Anlagenring/Bike/Anlagenring_20260610_202328948.jpg,0,2,5.0,0.5,0,1,5.0,0.5,0,1,6.015613844296893,0.21518982683080373,8,2,5.0,0.5,0,1,5.0,0.5,0,1
{'$oid': '6a2e74efa21d4516033c8476'},b77,Bike/Anlagenring_20260610_202457753.jpg,bike,Anlagenring,nan,/images/0/Bike/Anlagenring_20260610_202457753.jpg,/home/miguelup/survey_app/images/Anlagenring/Bike/Anlagenring_20260610_202457753.jpg,0,2,5.0,0.5,0,1,5.0,0.5,0,1,4.031456680484497,0.23011526244369684,5,2,5.0,0.5,0,1,5.0,0.5,0,1
{'$oid': '6a2e74efa21d4516033c8477'},b78,Bike/Anlagenring_20260610_202516461.jpg,bike,Anlagenring,nan,/images/0/Bike/Anlagenring_20260610_202516461.jpg,/home/miguelup/survey_app/images/Anlagenring/Bike/Anlagenring_20260610_202516461.jpg,0,4,5.0,0.5,0,1,5.0,0.5,0,1,4.2079299509195325,0.2680761544823091,5,2,5.0,0.5,0,1,5.0,0.5,0,1
{'$oid': '6a2e74efa21d4516033c8478'},b79,Bike/Anlagenring_20260610_202711112.jpg,bike,Anlagenring,nan,/images/0/Bike/Anlagenring_20260610_202711112.jpg,/home/miguelup/survey_app/images/Anlagenring/Bike/Anlagenring_20260610_202711112.jpg,0,4,5.0,0.5,0,1,5.0,0.5,0,1,2.501637986907572,0.2786771950781723,4,2,5.0,0.5,0,1,5.0,0.5,0,1
{'$oid': '6a2e74efa21d4516033c8479'},b80,Bike/Anlagenring_20260610_202843418.jpg,bike,Anlagenring,nan,/images/0/Bike/Anlagenring_20260610_202843418.jpg,/home/miguelup/survey_app/images/Anlagenring/Bike/Anlagenring_20260610_202843418.jpg,0,2,5.0,0.5,0,1,5.0,0.5,0,1,4.196867143527163,0.18315220530358126,10,2,5.0,0.5,0,1,5.0,0.5,0,1
{'$oid': '6a2e74efa21d4516033c847a'},s1,Stay/Anlagenring_20260610_181614450.jpg,stay,Anlagenring,nan,/images/0/Stay/Anlagenring_20260610_181614450.jpg,/home/miguelup/survey_app/images/Anlagenring/Stay/Anlagenring_20260610_181614450.jpg,0,1,5.0,0.5,0,1,5.0,0.5,0,1,5.0,0.5,0,1,4.172030756661919,0.1798493509961898,10,3,5.0,0.5,0,1
{'$oid': '6a2e74efa21d4516033c847b'},s2,Stay/Anlagenring_20260610_181753467.jpg,stay,Anlagenring,nan,/images/0/Stay/Anlagenring_20260610_181753467.jpg,/home/miguelup/survey_app/images/Anlagenring/Stay/Anlagenring_20260610_181753467.jpg,0,1,5.0,0.5,0,1,5.0,0.5,0,1,5.0,0.5,0,1,6.454772130037287,0.20355631755325837,9,3,5.0,0.5,0,1
{'$oid': '6a2e74efa21d4516033c847c'},s3,Stay/Anlagenring_20260610_182313815.jpg,stay,Anlagenring,nan,/images/0/Stay/Anlagenring_20260610_182313815.jpg,/home/miguelup/survey_app/images/Anlagenring/Stay/Anlagenring_20260610_182313815.jpg,0,2,5.0,0.5,0,1,5.0,0.5,0,1,5.0,0.5,0,1,5.844872622933504,0.1861275840647179,10,3,5.0,0.5,0,1
{'$oid': '6a2e74efa21d4516033c847d'},s4,Stay/Anlagenring_20260610_182435443.jpg,stay,Anlagenring,nan,/images/0/Stay/Anlagenring_20260610_182435443.jpg,/home/miguelup/survey_app/images/Anlagenring/Stay/Anlagenring_20260610_182435443.jpg,0,3,5.0,0.5,0,1,5.0,0.5,0,1,5.0,0.5,0,1,5.404508485870464,0.18466151815925042,8,3,5.0,0.5,0,1
{'$oid': '6a2e74efa21d4516033c847e'},s5,Stay/Anlagenring_20260610_182449731.jpg,stay,Anlagenring,nan,/images/0/Stay/Anlagenring_20260610_182449731.jpg,/home/miguelup/survey_app/images/Anlagenring/Stay/Anlagenring_20260610_182449731.jpg,0,1,5.0,0.5,0,1,5.0,0.5,0,1,5.0,0.5,0,1,4.995605400666933,0.17046567650608052,11,3,5.0,0.5,0,1
{'$oid': '6a2e74efa21d4516033c847f'},s6,Stay/Anlagenring_20260610_182558647.jpg,stay,Anlagenring,s7,/images/0/Stay/Anlagenring_20260610_182558647.jpg,/home/miguelup/survey_app/images/Anlagenring/Stay/Anlagenring_20260610_182558647.jpg,0,3,5.0,0.5,0,1,5.0,0.5,0,1,5.0,0.5,0,1,3.153731882317131,0.23838529913766035,7,3,5.0,0.5,0,1
{'$oid': '6a2e74efa21d4516033c8480'},s7,Stay/Anlagenring_20260610_183409296.jpg,stay,Anlagenring,s6,/images/0/Stay/Anlagenring_20260610_183409296.jpg,/home/miguelup/survey_app/images/Anlagenring/Stay/Anlagenring_20260610_183409296.jpg,0,1,5.0,0.5,0,1,5.0,0.5,0,1,5.0,0.5,0,1,5.568194624751527,0.1596289255716507,11,3,5.0,0.5,0,1
{'$oid': '6a2e74efa21d4516033c8481'},s8,Stay/Anlagenring_20260610_183444268.jpg,stay,Anlagenring,nan,/images/0/Stay/Anlagenring_20260610_183444268.jpg,/home/miguelup/survey_app/images/Anlagenring/Stay/Anlagenring_20260610_183444268.jpg,0,1,5.0,0.5,0,1,5.0,0.5,0,1,5.0,0.5,0,1,4.8727939151243636,0.175321204217949,11,3,5.0,0.5,0,1
{'$oid': '6a2e74efa21d4516033c8482'},s9,Stay/Anlagenring_20260610_183607948.jpg,stay,Anlagenring,nan,/images/0/Stay/Anlagenring_20260610_183607948.jpg,/home/miguelup/survey_app/images/Anlagenring/Stay/Anlagenring_20260610_183607948.jpg,0,3,5.0,0.5,0,1,5.0,0.5,0,1,5.0,0.5,0,1,4.32778919822675,0.16712402050880656,10,3,5.0,0.5,0,1
{'$oid': '6a2e74efa21d4516033c8483'},s10,Stay/Anlagenring_20260610_183901480.jpg,stay,Anlagenring,nan,/images/0/Stay/Anlagenring_20260610_183901480.jpg,/home/miguelup/survey_app/images/Anlagenring/Stay/Anlagenring_20260610_183901480.jpg,0,3,5.0,0.5,0,1,5.0,0.5,0,1,5.0,0.5,0,1,5.191605269493507,0.19676987440854346,10,3,5.0,0.5,0,1
{'$oid': '6a2e74efa21d4516033c8484'},s11,Stay/Anlagenring_20260610_184137795.jpg,stay,Anlagenring,nan,/images/0/Stay/Anlagenring_20260610_184137795.jpg,/home/miguelup/survey_app/images/Anlagenring/Stay/Anlagenring_20260610_184137795.jpg,0,2,5.0,0.5,0,1,5.0,0.5,0,1,5.0,0.5,0,1,4.130432493982548,0.1595876577068502,13,3,5.0,0.5,0,1
{'$oid': '6a2e74efa21d4516033c8485'},s12,Stay/Anlagenring_20260610_184246340.jpg,stay,Anlagenring,nan,/images/0/Stay/Anlagenring_20260610_184246340.jpg,/home/miguelup/survey_app/images/Anlagenring/Stay/Anlagenring_20260610_184246340.jpg,0,2,5.0,0.5,0,1,5.0,0.5,0,1,5.0,0.5,0,1,4.582826370111218,0.17055233014631305,11,3,5.0,0.5,0,1
{'$oid': '6a2e74efa21d4516033c8486'},s13,Stay/Anlagenring_20260610_184324834.jpg,stay,Anlagenring,nan,/images/0/Stay/Anlagenring_20260610_184324834.jpg,/home/miguelup/survey_app/images/Anlagenring/Stay/Anlagenring_20260610_184324834.jpg,0,1,5.0,0.5,0,1,5.0,0.5,0,1,5.0,0.5,0,1,5.011130971252344,0.16820590729642632,10,3,5.0,0.5,0,1
{'$oid': '6a2e74efa21d4516033c8487'},s14,Stay/Anlagenring_20260610_184407746.jpg,stay,Anlagenring,nan,/images/0/Stay/Anlagenring_20260610_184407746.jpg,/home/miguelup/survey_app/images/Anlagenring/Stay/Anlagenring_20260610_184407746.jpg,0,2,5.0,0.5,0,1,5.0,0.5,0,1,5.0,0.5,0,1,4.611546611725615,0.18048522082700302,9,3,5.0,0.5,0,1
{'$oid': '6a2e74efa21d4516033c8488'},s15,Stay/Anlagenring_20260610_184424079.jpg,stay,Anlagenring,"[s16,s17]",/images/0/Stay/Anlagenring_20260610_184424079.jpg,/home/miguelup/survey_app/images/Anlagenring/Stay/Anlagenring_20260610_184424079.jpg,0,3,5.0,0.5,0,1,5.0,0.5,0,1,5.0,0.5,0,1,4.604910930982949,0.21486025807605658,11,3,5.0,0.5,0,1
{'$oid': '6a2e74efa21d4516033c8489'},s16,Stay/Anlagenring_20260610_184435917.jpg,stay,Anlagenring,s15,/images/0/Stay/Anlagenring_20260610_184435917.jpg,/home/miguelup/survey_app/images/Anlagenring/Stay/Anlagenring_20260610_184435917.jpg,0,1,5.0,0.5,0,1,5.0,0.5,0,1,5.0,0.5,0,1,4.276152787880454,0.16763967475891775,14,3,5.0,0.5,0,1
{'$oid': '6a2e74efa21d4516033c848a'},s17,Stay/Anlagenring_20260610_184451237.jpg,stay,Anlagenring,s15,/images/0/Stay/Anlagenring_20260610_184451237.jpg,/home/miguelup/survey_app/images/Anlagenring/Stay/Anlagenring_20260610_184451237.jpg,0,1,5.0,0.5,0,1,5.0,0.5,0,1,5.0,0.5,0,1,5.940997611291298,0.13674829763457644,17,3,5.0,0.5,0,1
{'$oid': '6a2e74efa21d4516033c848b'},s18,Stay/Anlagenring_20260610_184803495.jpg,stay,Anlagenring,s19,/images/0/Stay/Anlagenring_20260610_184803495.jpg,/home/miguelup/survey_app/images/Anlagenring/Stay/Anlagenring_20260610_184803495.jpg,0,1,5.0,0.5,0,1,5.0,0.5,0,1,5.0,0.5,0,1,5.8643481948181755,0.14837073634958936,11,3,5.0,0.5,0,1
{'$oid': '6a2e74efa21d4516033c848c'},s19,Stay/Anlagenring_20260610_184900185.jpg,stay,Anlagenring,s18,/images/0/Stay/Anlagenring_20260610_184900185.jpg,/home/miguelup/survey_app/images/Anlagenring/Stay/Anlagenring_20260610_184900185.jpg,0,2,5.0,0.5,0,1,5.0,0.5,0,1,5.0,0.5,0,1,6.7547489326434045,0.20058317055399133,8,3,5.0,0.5,0,1
{'$oid': '6a2e74efa21d4516033c848d'},s20,Stay/Anlagenring_20260610_185228587.jpg,stay,Anlagenring,nan,/images/0/Stay/Anlagenring_20260610_185228587.jpg,/home/miguelup/survey_app/images/Anlagenring/Stay/Anlagenring_20260610_185228587.jpg,0,2,5.0,0.5,0,1,5.0,0.5,0,1,5.0,0.5,0,1,4.5833886009502445,0.18521780860265094,8,3,5.0,0.5,0,1
{'$oid': '6a2e74efa21d4516033c848e'},s21,Stay/Anlagenring_20260610_185328296.jpg,stay,Anlagenring,s22,/images/0/Stay/Anlagenring_20260610_185328296.jpg,/home/miguelup/survey_app/images/Anlagenring/Stay/Anlagenring_20260610_185328296.jpg,0,3,5.0,0.5,0,1,5.0,0.5,0,1,5.0,0.5,0,1,4.339640328849578,0.19204860388687475,9,3,5.0,0.5,0,1
{'$oid': '6a2e74efa21d4516033c848f'},s22,Stay/Anlagenring_20260610_185355813.jpg,stay,Anlagenring,s21,/images/0/Stay/Anlagenring_20260610_185355813.jpg,/home/miguelup/survey_app/images/Anlagenring/Stay/Anlagenring_20260610_185355813.jpg,0,3,5.0,0.5,0,1,5.0,0.5,0,1,5.0,0.5,0,1,6.481008777994833,0.19529806656001256,8,3,5.0,0.5,0,1
{'$oid': '6a2e74efa21d4516033c8490'},s23,Stay/Anlagenring_20260610_185941602.jpg,stay,Anlagenring,s25,/images/0/Stay/Anlagenring_20260610_185941602.jpg,/home/miguelup/survey_app/images/Anlagenring/Stay/Anlagenring_20260610_185941602.jpg,0,1,5.0,0.5,0,1,5.0,0.5,0,1,5.0,0.5,0,1,1.778774905678204,0.22936050475174646,10,3,5.0,0.5,0,1
{'$oid': '6a2e74efa21d4516033c8491'},s24,Stay/Anlagenring_20260610_190107324.jpg,stay,Anlagenring,nan,/images/0/Stay/Anlagenring_20260610_190107324.jpg,/home/miguelup/survey_app/images/Anlagenring/Stay/Anlagenring_20260610_190107324.jpg,0,3,5.0,0.5,0,1,5.0,0.5,0,1,5.0,0.5,0,1,4.0896182167216635,0.20053512619068242,8,3,5.0,0.5,0,1
{'$oid': '6a2e74efa21d4516033c8492'},s25,Stay/Anlagenring_20260610_190131458.jpg,stay,Anlagenring,s23,/images/0/Stay/Anlagenring_20260610_190131458.jpg,/home/miguelup/survey_app/images/Anlagenring/Stay/Anlagenring_20260610_190131458.jpg,0,1,5.0,0.5,0,1,5.0,0.5,0,1,5.0,0.5,0,1,4.14159622266424,0.14840756931323296,17,3,5.0,0.5,0,1
{'$oid': '6a2e74efa21d4516033c8493'},s26,Stay/Anlagenring_20260610_190235234.jpg,stay,Anlagenring,nan,/images/0/Stay/Anlagenring_20260610_190235234.jpg,/home/miguelup/survey_app/images/Anlagenring/Stay/Anlagenring_20260610_190235234.jpg,0,1,5.0,0.5,0,1,5.0,0.5,0,1,5.0,0.5,0,1,5.623288539733804,0.15140621910390722,14,3,5.0,0.5,0,1
{'$oid': '6a2e74efa21d4516033c8494'},s27,Stay/Anlagenring_20260610_191317880.jpg,stay,Anlagenring,nan,/images/0/Stay/Anlagenring_20260610_191317880.jpg,/home/miguelup/survey_app/images/Anlagenring/Stay/Anlagenring_20260610_191317880.jpg,0,1,5.0,0.5,0,1,5.0,0.5,0,1,5.0,0.5,0,1,5.018546120350874,0.1851324263006689,10,3,5.0,0.5,0,1
{'$oid': '6a2e74efa21d4516033c8495'},s28,Stay/Anlagenring_20260610_191335351.jpg,stay,Anlagenring,nan,/images/0/Stay/Anlagenring_20260610_191335351.jpg,/home/miguelup/survey_app/images/Anlagenring/Stay/Anlagenring_20260610_191335351.jpg,0,2,5.0,0.5,0,1,5.0,0.5,0,1,5.0,0.5,0,1,2.378010847754846,0.22948155019094035,7,3,5.0,0.5,0,1
{'$oid': '6a2e74efa21d4516033c8496'},s29,Stay/Anlagenring_20260610_191407538.jpg,stay,Anlagenring,nan,/images/0/Stay/Anlagenring_20260610_191407538.jpg,/home/miguelup/survey_app/images/Anlagenring/Stay/Anlagenring_20260610_191407538.jpg,0,2,5.0,0.5,0,1,5.0,0.5,0,1,5.0,0.5,0,1,4.353868175229541,0.18767448510931622,10,3,5.0,0.5,0,1
{'$oid': '6a2e74efa21d4516033c8497'},s30,Stay/Anlagenring_20260610_191603523.jpg,stay,Anlagenring,nan,/images/0/Stay/Anlagenring_20260610_191603523.jpg,/home/miguelup/survey_app/images/Anlagenring/Stay/Anlagenring_20260610_191603523.jpg,0,3,5.0,0.5,0,1,5.0,0.5,0,1,5.0,0.5,0,1,5.722215028653913,0.16861586789516736,14,3,5.0,0.5,0,1
{'$oid': '6a2e74efa21d4516033c8498'},s31,Stay/Anlagenring_20260610_192139719.jpg,stay,Anlagenring,nan,/images/0/Stay/Anlagenring_20260610_192139719.jpg,/home/miguelup/survey_app/images/Anlagenring/Stay/Anlagenring_20260610_192139719.jpg,0,1,5.0,0.5,0,1,5.0,0.5,0,1,5.0,0.5,0,1,5.263060628964205,0.15624633499085533,12,3,5.0,0.5,0,1
{'$oid': '6a2e74efa21d4516033c8499'},s32,Stay/Anlagenring_20260610_192411849.jpg,stay,Anlagenring,s33,/images/0/Stay/Anlagenring_20260610_192411849.jpg,/home/miguelup/survey_app/images/Anlagenring/Stay/Anlagenring_20260610_192411849.jpg,0,2,5.0,0.5,0,1,5.0,0.5,0,1,5.0,0.5,0,1,5.719796684634123,0.1630210490848668,10,3,5.0,0.5,0,1
{'$oid': '6a2e74efa21d4516033c849a'},s33,Stay/Anlagenring_20260610_192649201.jpg,stay,Anlagenring,s32,/images/0/Stay/Anlagenring_20260610_192649201.jpg,/home/miguelup/survey_app/images/Anlagenring/Stay/Anlagenring_20260610_192649201.jpg,0,3,5.0,0.5,0,1,5.0,0.5,0,1,5.0,0.5,0,1,4.950819771050768,0.21246659655462513,7,3,5.0,0.5,0,1
{'$oid': '6a2e74efa21d4516033c849b'},s34,Stay/Anlagenring_20260610_192812598.jpg,stay,Anlagenring,nan,/images/0/Stay/Anlagenring_20260610_192812598.jpg,/home/miguelup/survey_app/images/Anlagenring/Stay/Anlagenring_20260610_192812598.jpg,0,2,5.0,0.5,0,1,5.0,0.5,0,1,5.0,0.5,0,1,6.1900626064208994,0.19966022301220715,9,3,5.0,0.5,0,1
{'$oid': '6a2e74efa21d4516033c849c'},s35,Stay/Anlagenring_20260610_192920236.jpg,stay,Anlagenring,nan,/images/0/Stay/Anlagenring_20260610_192920236.jpg,/home/miguelup/survey_app/images/Anlagenring/Stay/Anlagenring_20260610_192920236.jpg,0,2,5.0,0.5,0,1,5.0,0.5,0,1,5.0,0.5,0,1,5.297430320708782,0.17764715514657142,10,3,5.0,0.5,0,1
{'$oid': '6a2e74efa21d4516033c849d'},s36,Stay/Anlagenring_20260610_193104327.jpg,stay,Anlagenring,nan,/images/0/Stay/Anlagenring_20260610_193104327.jpg,/home/miguelup/survey_app/images/Anlagenring/Stay/Anlagenring_20260610_193104327.jpg,0,1,5.0,0.5,0,1,5.0,0.5,0,1,5.0,0.5,0,1,5.76249096123072,0.17250505957753565,11,3,5.0,0.5,0,1
{'$oid': '6a2e74efa21d4516033c849e'},s37,Stay/Anlagenring_20260610_193219468.jpg,stay,Anlagenring,nan,/images/0/Stay/Anlagenring_20260610_193219468.jpg,/home/miguelup/survey_app/images/Anlagenring/Stay/Anlagenring_20260610_193219468.jpg,0,2,5.0,0.5,0,1,5.0,0.5,0,1,5.0,0.5,0,1,4.050666388223107,0.1744777875380468,13,3,5.0,0.5,0,1
{'$oid': '6a2e74efa21d4516033c849f'},s38,Stay/Anlagenring_20260610_193319133.jpg,stay,Anlagenring,nan,/images/0/Stay/Anlagenring_20260610_193319133.jpg,/home/miguelup/survey_app/images/Anlagenring/Stay/Anlagenring_20260610_193319133.jpg,0,2,5.0,0.5,0,1,5.0,0.5,0,1,5.0,0.5,0,1,4.944238853987884,0.1883904798897678,9,3,5.0,0.5,0,1
{'$oid': '6a2e74efa21d4516033c84a0'},s39,Stay/Anlagenring_20260610_193357892.jpg,stay,Anlagenring,nan,/images/0/Stay/Anlagenring_20260610_193357892.jpg,/home/miguelup/survey_app/images/Anlagenring/Stay/Anlagenring_20260610_193357892.jpg,0,2,5.0,0.5,0,1,5.0,0.5,0,1,5.0,0.5,0,1,5.089909025857934,0.2041049813954002,8,3,5.0,0.5,0,1
{'$oid': '6a2e74efa21d4516033c84a1'},s40,Stay/Anlagenring_20260610_193526471.jpg,stay,Anlagenring,nan,/images/0/Stay/Anlagenring_20260610_193526471.jpg,/home/miguelup/survey_app/images/Anlagenring/Stay/Anlagenring_20260610_193526471.jpg,0,1,5.0,0.5,0,1,5.0,0.5,0,1,5.0,0.5,0,1,6.891290367719209,0.16676164851385372,11,3,5.0,0.5,0,1
{'$oid': '6a2e74efa21d4516033c84a2'},s41,Stay/Anlagenring_20260610_193645847.jpg,stay,Anlagenring,nan,/images/0/Stay/Anlagenring_20260610_193645847.jpg,/home/miguelup/survey_app/images/Anlagenring/Stay/Anlagenring_20260610_193645847.jpg,0,2,5.0,0.5,0,1,5.0,0.5,0,1,5.0,0.5,0,1,2.1950164630827,0.21011061595580718,9,3,5.0,0.5,0,1
{'$oid': '6a2e74efa21d4516033c84a3'},s42,Stay/Anlagenring_20260610_193815546.jpg,stay,Anlagenring,nan,/images/0/Stay/Anlagenring_20260610_193815546.jpg,/home/miguelup/survey_app/images/Anlagenring/Stay/Anlagenring_20260610_193815546.jpg,0,3,5.0,0.5,0,1,5.0,0.5,0,1,5.0,0.5,0,1,7.027032717524956,0.21219199946137351,7,3,5.0,0.5,0,1
{'$oid': '6a2e74efa21d4516033c84a4'},s43,Stay/Anlagenring_20260610_194104433.jpg,stay,Anlagenring,nan,/images/0/Stay/Anlagenring_20260610_194104433.jpg,/home/miguelup/survey_app/images/Anlagenring/Stay/Anlagenring_20260610_194104433.jpg,0,2,5.0,0.5,0,1,5.0,0.5,0,1,5.0,0.5,0,1,6.103783150966304,0.2029402536724439,7,3,5.0,0.5,0,1
{'$oid': '6a2e74efa21d4516033c84a5'},s44,Stay/Anlagenring_20260610_194206458.jpg,stay,Anlagenring,nan,/images/0/Stay/Anlagenring_20260610_194206458.jpg,/home/miguelup/survey_app/images/Anlagenring/Stay/Anlagenring_20260610_194206458.jpg,0,3,5.0,0.5,0,1,5.0,0.5,0,1,5.0,0.5,0,1,4.478301506257345,0.16643635437666157,11,3,5.0,0.5,0,1
{'$oid': '6a2e74efa21d4516033c84a6'},s45,Stay/Anlagenring_20260610_194634058.jpg,stay,Anlagenring,nan,/images/0/Stay/Anlagenring_20260610_194634058.jpg,/home/miguelup/survey_app/images/Anlagenring/Stay/Anlagenring_20260610_194634058.jpg,0,1,5.0,0.5,0,1,5.0,0.5,0,1,5.0,0.5,0,1,5.385640871373379,0.1841383845793994,11,3,5.0,0.5,0,1
{'$oid': '6a2e74efa21d4516033c84a7'},s46,Stay/Anlagenring_20260610_194931268.jpg,stay,Anlagenring,nan,/images/0/Stay/Anlagenring_20260610_194931268.jpg,/home/miguelup/survey_app/images/Anlagenring/Stay/Anlagenring_20260610_194931268.jpg,0,2,5.0,0.5,0,1,5.0,0.5,0,1,5.0,0.5,0,1,4.291202641404382,0.2148761868727406,8,3,5.0,0.5,0,1
{'$oid': '6a2e74efa21d4516033c84a8'},s47,Stay/Anlagenring_20260610_195751310.jpg,stay,Anlagenring,nan,/images/0/Stay/Anlagenring_20260610_195751310.jpg,/home/miguelup/survey_app/images/Anlagenring/Stay/Anlagenring_20260610_195751310.jpg,0,2,5.0,0.5,0,1,5.0,0.5,0,1,5.0,0.5,0,1,6.321352287520531,0.17782480299157627,9,3,5.0,0.5,0,1
{'$oid': '6a2e74efa21d4516033c84a9'},s48,Stay/Anlagenring_20260610_195947076.jpg,stay,Anlagenring,nan,/images/0/Stay/Anlagenring_20260610_195947076.jpg,/home/miguelup/survey_app/images/Anlagenring/Stay/Anlagenring_20260610_195947076.jpg,0,2,5.0,0.5,0,1,5.0,0.5,0,1,5.0,0.5,0,1,5.6879724351024326,0.17589726224724916,12,3,5.0,0.5,0,1
{'$oid': '6a2e74efa21d4516033c84aa'},s49,Stay/Anlagenring_20260610_200120852.jpg,stay,Anlagenring,nan,/images/0/Stay/Anlagenring_20260610_200120852.jpg,/home/miguelup/survey_app/images/Anlagenring/Stay/Anlagenring_20260610_200120852.jpg,0,1,5.0,0.5,0,1,5.0,0.5,0,1,5.0,0.5,0,1,5.326845832111792,0.17374486214406915,12,3,5.0,0.5,0,1
{'$oid': '6a2e74efa21d4516033c84ab'},s50,Stay/Anlagenring_20260610_200928017.jpg,stay,Anlagenring,nan,/images/0/Stay/Anlagenring_20260610_200928017.jpg,/home/miguelup/survey_app/images/Anlagenring/Stay/Anlagenring_20260610_200928017.jpg,0,3,5.0,0.5,0,1,5.0,0.5,0,1,5.0,0.5,0,1,4.190369691426076,0.18755580376227032,9,3,5.0,0.5,0,1
{'$oid': '6a2e74efa21d4516033c84ac'},s51,Stay/Anlagenring_20260610_201245414.jpg,stay,Anlagenring,nan,/images/0/Stay/Anlagenring_20260610_201245414.jpg,/home/miguelup/survey_app/images/Anlagenring/Stay/Anlagenring_20260610_201245414.jpg,0,1,5.0,0.5,0,1,5.0,0.5,0,1,5.0,0.5,0,1,4.39325659819372,0.15166731848123238,13,3,5.0,0.5,0,1
{'$oid': '6a2e74efa21d4516033c84ad'},s52,Stay/Anlagenring_20260610_201405131.jpg,stay,Anlagenring,nan,/images/0/Stay/Anlagenring_20260610_201405131.jpg,/home/miguelup/survey_app/images/Anlagenring/Stay/Anlagenring_20260610_201405131.jpg,0,3,5.0,0.5,0,1,5.0,0.5,0,1,5.0,0.5,0,1,5.903406416707927,0.2121200910071332,9,3,5.0,0.5,0,1
{'$oid': '6a2e74efa21d4516033c84ae'},s53,Stay/Anlagenring_20260610_201721056.jpg,stay,Anlagenring,nan,/images/0/Stay/Anlagenring_20260610_201721056.jpg,/home/miguelup/survey_app/images/Anlagenring/Stay/Anlagenring_20260610_201721056.jpg,0,2,5.0,0.5,0,1,5.0,0.5,0,1,5.0,0.5,0,1,4.277429762103841,0.19025735168307387,8,3,5.0,0.5,0,1
{'$oid': '6a2e74efa21d4516033c84af'},s54,Stay/Anlagenring_20260610_201808871.jpg,stay,Anlagenring,nan,/images/0/Stay/Anlagenring_20260610_201808871.jpg,/home/miguelup/survey_app/images/Anlagenring/Stay/Anlagenring_20260610_201808871.jpg,0,3,5.0,0.5,0,1,5.0,0.5,0,1,5.0,0.5,0,1,5.6529217754635726,0.16588277809107108,12,3,5.0,0.5,0,1
{'$oid': '6a2e74efa21d4516033c84b0'},s55,Stay/Anlagenring_20260610_201933087.jpg,stay,Anlagenring,nan,/images/0/Stay/Anlagenring_20260610_201933087.jpg,/home/miguelup/survey_app/images/Anlagenring/Stay/Anlagenring_20260610_201933087.jpg,0,3,5.0,0.5,0,1,5.0,0.5,0,1,5.0,0.5,0,1,6.368331365042197,0.16541696906733733,10,3,5.0,0.5,0,1
{'$oid': '6a2e74efa21d4516033c84b1'},s56,Stay/Anlagenring_20260610_202843418.jpg,stay,Anlagenring,nan,/images/0/Stay/Anlagenring_20260610_202843418.jpg,/home/miguelup/survey_app/images/Anlagenring/Stay/Anlagenring_20260610_202843418.jpg,0,1,5.0,0.5,0,1,5.0,0.5,0,1,5.0,0.5,0,1,3.339976811320471,0.16315006198825013,17,3,5.0,0.5,0,1
{'$oid': '6a2e74efa21d4516033c84b2'},g1,GruppeSafety/Bild_Sicherheit_1.png,walk,Anlagenring,g5,/images/0/GruppeSafety/Bild_Sicherheit_1.png,/home/miguelup/survey_app/images/Anlagenring/GruppeSafety/Bild_Sicherheit_1.png,0,3,2.4806858218051,0.2873173984337527,7,2,5.0,0.5,0,1,5.0,0.5,0,1,5.0,0.5,0,1,5.0,0.5,0,1
{'$oid': '6a2e74efa21d4516033c84b3'},g2,GruppeSafety/Bild_Sicherheit_3.png,walk,Anlagenring,nan,/images/0/GruppeSafety/Bild_Sicherheit_3.png,/home/miguelup/survey_app/images/Anlagenring/GruppeSafety/Bild_Sicherheit_3.png,0,2,3.0759567090124547,0.21579173542170849,8,2,5.0,0.5,0,1,5.0,0.5,0,1,5.0,0.5,0,1,5.0,0.5,0,1
{'$oid': '6a2e74efa21d4516033c84b4'},g3,GruppeSafety/Bild_Sicherheit_6.png,walk,Anlagenring,nan,/images/0/GruppeSafety/Bild_Sicherheit_6.png,/home/miguelup/survey_app/images/Anlagenring/GruppeSafety/Bild_Sicherheit_6.png,0,2,5.794522461849704,0.19721465645147515,10,2,5.0,0.5,0,1,5.0,0.5,0,1,5.0,0.5,0,1,5.0,0.5,0,1
{'$oid': '6a2e74efa21d4516033c84b5'},g4,GruppeSafety/Bild_Sicherheit_8.png,walk,Anlagenring,nan,/images/0/GruppeSafety/Bild_Sicherheit_8.png,/home/miguelup/survey_app/images/Anlagenring/GruppeSafety/Bild_Sicherheit_8.png,0,1,3.625919024620889,0.21997817497882757,8,2,5.0,0.5,0,1,5.0,0.5,0,1,5.0,0.5,0,1,5.0,0.5,0,1
{'$oid': '6a2e74efa21d4516033c84b6'},g5,GruppeSafety/Bild_Sicherheit_9.png,walk,Anlagenring,g1,/images/0/GruppeSafety/Bild_Sicherheit_9.png,/home/miguelup/survey_app/images/Anlagenring/GruppeSafety/Bild_Sicherheit_9.png,0,1,4.321076394121355,0.17816172716169498,10,2,5.0,0.5,0,1,5.0,0.5,0,1,5.0,0.5,0,1,5.0,0.5,0,1
{'$oid': '6a2e74efa21d4516033c84b7'},g6,GruppeSafety/Bild_Sicherheit_15.png,walk,Anlagenring,nan,/images/0/GruppeSafety/Bild_Sicherheit_15.png,/home/miguelup/survey_app/images/Anlagenring/GruppeSafety/Bild_Sicherheit_15.png,0,3,4.875728374798308,0.3105794645702592,4,2,5.0,0.5,0,1,5.0,0.5,0,1,5.0,0.5,0,1,5.0,0.5,0,1
{'$oid': '6a2e74efa21d4516033c84b8'},g7,GruppeSafety/Bild_Sicherheit_17.png,walk,Anlagenring,nan,/images/0/GruppeSafety/Bild_Sicherheit_17.png,/home/miguelup/survey_app/images/Anlagenring/GruppeSafety/Bild_Sicherheit_17.png,0,3,3.062399197501159,0.31263666011269386,3,2,5.0,0.5,0,1,5.0,0.5,0,1,5.0,0.5,0,1,5.0,0.5,0,1
{'$oid': '6a2e74efa21d4516033c84b9'},g8,GruppeSafety/Bild_Sicherheit_4.png,bike,Anlagenring,nan,/images/0/GruppeSafety/Bild_Sicherheit_4.png,/home/miguelup/survey_app/images/Anlagenring/GruppeSafety/Bild_Sicherheit_4.png,0,1,5.0,0.5,0,1,5.0,0.5,0,1,5.030821589481447,0.19442425552269194,11,2,5.0,0.5,0,1,5.0,0.5,0,1
{'$oid': '6a2e74efa21d4516033c84ba'},g9,GruppeSafety/Bild_Sicherheit_5.png,bike,Anlagenring,nan,/images/0/GruppeSafety/Bild_Sicherheit_5.png,/home/miguelup/survey_app/images/Anlagenring/GruppeSafety/Bild_Sicherheit_5.png,0,1,5.0,0.5,0,1,5.0,0.5,0,1,5.638783592323161,0.1885858675657592,11,2,5.0,0.5,0,1,5.0,0.5,0,1
{'$oid': '6a2e74efa21d4516033c84bb'},g10,GruppeSafety/Bild_Sicherheit_7.png,bike,Anlagenring,nan,/images/0/GruppeSafety/Bild_Sicherheit_7.png,/home/miguelup/survey_app/images/Anlagenring/GruppeSafety/Bild_Sicherheit_7.png,0,5,5.0,0.5,0,1,5.0,0.5,0,1,5.213584548135686,0.3256526298563159,3,2,5.0,0.5,0,1,5.0,0.5,0,1
{'$oid': '6a2e74efa21d4516033c84bc'},g11,GruppeSafety/Bild_Sicherheit_16.png,bike,Anlagenring,nan,/images/0/GruppeSafety/Bild_Sicherheit_16.png,/home/miguelup/survey_app/images/Anlagenring/GruppeSafety/Bild_Sicherheit_16.png,0,2,5.0,0.5,0,1,5.0,0.5,0,1,4.754671272273059,0.22493023286670347,6,2,5.0,0.5,0,1,5.0,0.5,0,1
{'$oid': '6a2e74efa21d4516033c84bd'},g12,GruppeSafety/Bild_Sicherheit_1.png,bike,Anlagenring,g16,/images/0/GruppeSafety/Bild_Sicherheit_1.png,/home/miguelup/survey_app/images/Anlagenring/GruppeSafety/Bild_Sicherheit_1.png,0,3,5.0,0.5,0,1,5.0,0.5,0,1,3.859713990719277,0.22139913157585828,6,2,5.0,0.5,0,1,5.0,0.5,0,1
{'$oid': '6a2e74efa21d4516033c84be'},g13,GruppeSafety/Bild_Sicherheit_3.png,bike,Anlagenring,nan,/images/0/GruppeSafety/Bild_Sicherheit_3.png,/home/miguelup/survey_app/images/Anlagenring/GruppeSafety/Bild_Sicherheit_3.png,0,4,5.0,0.5,0,1,5.0,0.5,0,1,4.6449404266257845,0.2628359129812827,3,2,5.0,0.5,0,1,5.0,0.5,0,1
{'$oid': '6a2e74efa21d4516033c84bf'},g14,GruppeSafety/Bild_Sicherheit_6.png,bike,Anlagenring,nan,/images/0/GruppeSafety/Bild_Sicherheit_6.png,/home/miguelup/survey_app/images/Anlagenring/GruppeSafety/Bild_Sicherheit_6.png,0,4,5.0,0.5,0,1,5.0,0.5,0,1,5.009184812928193,0.32697338179392954,2,2,5.0,0.5,0,1,5.0,0.5,0,1
{'$oid': '6a2e74efa21d4516033c84c0'},g15,GruppeSafety/Bild_Sicherheit_8.png,bike,Anlagenring,nan,/images/0/GruppeSafety/Bild_Sicherheit_8.png,/home/miguelup/survey_app/images/Anlagenring/GruppeSafety/Bild_Sicherheit_8.png,0,4,5.0,0.5,0,1,5.0,0.5,0,1,3.814726765400799,0.25050310195927117,8,2,5.0,0.5,0,1,5.0,0.5,0,1
{'$oid': '6a2e74efa21d4516033c84c1'},g16,GruppeSafety/Bild_Sicherheit_9.png,bike,Anlagenring,g12,/images/0/GruppeSafety/Bild_Sicherheit_9.png,/home/miguelup/survey_app/images/Anlagenring/GruppeSafety/Bild_Sicherheit_9.png,0,2,5.0,0.5,0,1,5.0,0.5,0,1,4.459634005179472,0.28527165156788986,3,2,5.0,0.5,0,1,5.0,0.5,0,1
{'$oid': '6a2e74efa21d4516033c84c2'},g17,GruppeSafety/Bild_Sicherheit_15.png,bike,Anlagenring,nan,/images/0/GruppeSafety/Bild_Sicherheit_15.png,/home/miguelup/survey_app/images/Anlagenring/GruppeSafety/Bild_Sicherheit_15.png,0,1,5.0,0.5,0,1,5.0,0.5,0,1,5.481482314440653,0.17443073686269164,11,2,5.0,0.5,0,1,5.0,0.5,0,1
{'$oid': '6a2e74efa21d4516033c84c3'},g18,GruppeSafety/Bild_Sicherheit_17.png,bike,Anlagenring,nan,/images/0/GruppeSafety/Bild_Sicherheit_17.png,/home/miguelup/survey_app/images/Anlagenring/GruppeSafety/Bild_Sicherheit_17.png,0,3,5.0,0.5,0,1,5.0,0.5,0,1,6.284061810271789,0.2028597269118931,9,2,5.0,0.5,0,1,5.0,0.5,0,1
